Description,Trail_Mile,Arrive_(depart),Trip_Mile,Total_Days,Miles_From_Last,Section_Miles,Section_Days,Section_MPD,Section_Rating,Zeros/_Neros
Springer Mtn,0.0,Thu Mar 07,0.0,0.0,0.0,0.0,0.0,0.0,-,
Springer Mountain Shelter,0.2,Thu Mar 07,0.2,0.0,0.2,,,,,
USFS 42 TH,1.0,Thu Mar 07,1.0,0.1,0.8,,,,,
Stover Creek Shelter,2.6,Thu Mar 07,2.6,0.2,1.6,,,,,
Three Forks TH,4.3,Thu Mar 07,4.3,0.4,1.8,,,,,
Hawk Mountain Shelter,8.1,Thu Mar 07,8.1,0.7,3.8,,,,,
USFS 42 (Hightower Gap) TH,8.6,Thu Mar 07,8.6,0.7,0.5,,,,,
Horse Gap TH,10.5,Thu Mar 07,10.5,0.9,1.9,,,,,
Cooper Gap (pull-off 2) TH,12.2,Fri Mar 08,12.2,1.0,1.7,,,,,
Cooper Gap (pull-off 1) TH,12.2,Fri Mar 08,12.2,1.0,0.0,,,,,
Gooch Mountain Shelter,15.7,Fri Mar 08,15.7,1.3,3.5,,,,,
Gooch Gap Shelter,17.1,Fri Mar 08,17.1,1.4,1.5,,,,,
USFS 42 (Gooch Gap) TH,17.2,Fri Mar 08,17.2,1.4,0.1,,,,,
Suches  GA 30572/SR 60/Woody Gap TH,21.1,Fri Mar 08,21.1,1.7,3.8,,,,,
Woods Hole Shelter,28.0,Sat Mar 09,28.0,2.3,7.0,,,,,
Blood Mountain Shelter,29.7,Sat Mar 09,29.7,2.5,1.7,,,,,
Reese State Memorial TH,31.8,Sat Mar 09,31.7,2.6,2.1,,,,,
SR 11,32.1,Sat Mar 09,32.1,2.7,0.4,,,,,
Walasi-yi Center Shelter,32.2,Sat Mar 09,32.2,2.7,0.0,,,,,
US 129 &amp; US 19 (Neels Gap) TH,32.2,Sat Mar 09,32.2,2.7,-0.0,,,,,
Tesnatee Gap TH,38.0,Sun Mar 10,38.0,3.2,5.9,,,,,
SR 348,38.9,Sun Mar 10,38.9,3.2,0.9,,,,,
GA 348 TH,39.0,Sun Mar 10,39.0,3.2,0.1,,,,,
Low Gap Shelter,43.7,Sun Mar 10,43.7,3.6,4.7,,,,,
Blue Mountain Shelter,51.0,Mon Mar 11,51.0,4.2,7.4,,,,,
Helen  GA 30545/Hiawassee  GA 30546/SR 75,53.3,Mon Mar 11,53.2,4.4,2.2,53.2,4.4,12.1,5.0,
USFS 283 (Indian Grave Gap) TH,55.8,Tue Mar 12,55.8,5.2,2.6,,,,,
USFS 79 (Tray Gap) TH,57.6,Tue Mar 12,57.6,5.3,1.8,,,,,
Tray Mountain Shelter,58.9,Tue Mar 12,58.9,5.4,1.3,,,,,
Deep Gap Shelter,66.2,Wed Mar 13,66.2,6.1,7.3,,,,,
Dicks Creek Gap TH,69.8,Wed Mar 13,69.8,6.5,3.6,,,,,
Plumorchard Gap Shelter,74.5,Wed Mar 13,74.5,6.9,4.6,,,,,
Blue Ridge Gap TH,75.7,Thu Mar 14,75.7,7.0,1.2,,,,,
Muskrat Creek Shelter,81.8,Thu Mar 14,81.7,7.6,6.0,,,,,
Deep Gap TH,85.7,Thu Mar 14,85.7,7.9,4.0,,,,,
Standing Indian Shelter,86.7,Fri Mar 15,86.7,8.0,0.9,,,,,
Carter Gap (old shelter),94.4,Fri Mar 15,94.4,8.7,7.7,,,,,
Carter Gap Shelter,94.4,Fri Mar 15,94.4,8.7,0.1,,,,,
Albert Mountain TH,100.7,Sat Mar 16,100.7,9.3,6.2,,,,,
Big Spring Gap Shelter,101.2,Sat Mar 16,101.2,9.4,0.5,,,,,
Rock Gap Shelter,106.6,Sat Mar 16,106.6,9.9,5.4,,,,,
USFS 67 (Rock Gap) TH,106.8,Sat Mar 16,106.8,9.9,0.2,,,,,
Wallace Gap TH,107.4,Sat Mar 16,107.4,9.9,0.6,,,,,
SR 1448,107.4,Sat Mar 16,107.4,9.9,0.0,,,,,
Winding Stair Gap TH,110.5,Sun Mar 17,110.5,10.2,3.1,,,,,
Franklin  NC 28734/Winding Stair Gap TH/US Hwy 64,110.6,Sun Mar 17,110.6,10.2,0.1,57.3,5.3,10.8,6.0,
Siler Bald Shelter,114.6,Mon Mar 18,114.6,11.3,4.1,,,,,
Wayah Crest TH,116.5,Mon Mar 18,116.5,11.5,1.9,,,,,
SR 1310,116.6,Mon Mar 18,116.6,11.5,0.1,,,,,
No Official Name Or Unknown TH,117.9,Mon Mar 18,117.9,11.6,1.3,,,,,
Wayah Bald parking area TH,120.6,Mon Mar 18,120.6,11.8,2.7,,,,,
Wayah Bald Shelter,121.7,Mon Mar 18,121.7,11.9,1.1,,,,,
Burningtown Gap TH,125.5,Tue Mar 19,125.5,12.2,3.8,,,,,
Cold Spring Shelter,126.7,Tue Mar 19,126.7,12.3,1.2,,,,,
Tellico Gap TH,130.4,Tue Mar 19,130.4,12.6,3.7,,,,,
SR 1365,130.4,Tue Mar 19,130.4,12.6,0.0,,,,,
Wesser Bald Shelter,132.7,Tue Mar 19,132.7,12.8,2.3,,,,,
Rufus Morgan Shelter,137.6,Wed Mar 20,137.6,13.2,4.9,,,,,
SR 1103,138.4,Wed Mar 20,138.4,13.2,0.8,,,,,
US Hwy 74,138.4,Wed Mar 20,138.4,13.2,0.0,27.9,2.2,12.4,5.0,
Sasafras Gap Shelter,145.4,Thu Mar 21,145.4,14.2,6.9,,,,,
NC 143 (Stecoah Gap) TH,152.3,Thu Mar 21,152.3,14.9,6.9,,,,,
SR 143,152.3,Thu Mar 21,152.3,14.9,0.0,,,,,
Brown Fork Gap Shelter,154.6,Fri Mar 22,154.6,15.1,2.3,,,,,
Yellow Creek Gap TH,160.1,Fri Mar 22,160.1,15.7,5.4,,,,,
County Rd 1242,160.1,Fri Mar 22,160.1,15.7,0.0,,,,,
Cable Gap Shelter,160.9,Fri Mar 22,160.9,15.8,0.9,,,,,
SR 28,166.4,Sat Mar 23,166.4,16.3,5.4,,,,,
Fontana Dam  NC 28733/Fontana Village Marina TH,166.4,Sat Mar 23,166.4,16.3,0.0,28.0,2.8,9.8,6.7,
Fontana Dam Shelter,167.3,Sat Mar 23,167.3,16.9,0.9,,,,,
County Rd 1245,167.4,Sat Mar 23,167.4,16.9,0.1,,,,,
Fontana Dam Picnic Area TH,167.5,Sat Mar 23,167.5,16.9,0.1,,,,,
Fontana Dam Visitors Center TH,167.8,Sat Mar 23,167.8,17.0,0.4,,,,,
Fontana Dam North Trailhead TH,169.0,Sun Mar 24,169.0,17.1,1.1,,,,,
Mollies Ridge Shelter,179.0,Mon Mar 25,179.0,18.1,10.0,,,,,
Russell Field Shelter,182.2,Mon Mar 25,182.2,18.4,3.2,,,,,
Spence Field Shelter,185.0,Mon Mar 25,185.0,18.7,2.8,,,,,
Derrick Knob Shelter,191.3,Tue Mar 26,191.3,19.3,6.2,,,,,
Silers Bald Shelter,196.8,Tue Mar 26,196.8,19.8,5.6,,,,,
Double Spring Gap Shelter,198.6,Wed Mar 27,198.5,20.0,1.7,,,,,
Clingmans Dome TH,201.5,Wed Mar 27,201.5,20.3,2.9,,,,,
Mount Collins Shelter,205.0,Wed Mar 27,205.0,20.6,3.5,,,,,
Clingman's Dome Road (Indian Gap) TH,207.4,Wed Mar 27,207.4,20.9,2.5,,,,,
Gatlinburg  TN 37738/US Hwy 441/SR 71,209.1,Thu Mar 28,209.1,21.0,1.7,,,,,
US 441 (Newfound Gap) TH,209.2,Thu Mar 28,209.2,21.0,0.0,,,,,
Icewater Spring Shelter,212.2,Thu Mar 28,212.2,21.3,3.0,,,,,
Pecks Corner Shelter,219.5,Fri Mar 29,219.5,22.1,7.3,,,,,
Tri-corner Knob Shelter,224.9,Fri Mar 29,224.9,22.6,5.5,,,,,
Cosby Knob Shelter,232.7,Sat Mar 30,232.7,23.4,7.8,,,,,
Davenport Gap Shelter,239.8,Sun Mar 31,239.8,24.1,7.1,,,,,
SR 1397,240.8,Sun Mar 31,240.8,24.2,1.0,,,,,
I-40,242.5,Sun Mar 31,242.5,24.3,1.7,,,,,
I-40,242.5,Sun Mar 31,242.5,24.3,0.0,,,,,
Waterville School Road TH,242.6,Sun Mar 31,242.6,24.4,0.1,76.2,7.5</em>,10.1,6.7,
Groundhog Creek Shelter,250.7,Mon Apr 01,250.7,25.6,8.0,,,,,
Brown Gap TH,253.3,Mon Apr 01,253.3,25.9,2.7,,,,,
State Road 1182 TH,256.1,Tue Apr 02,256.1,26.1,2.8,,,,,
SR 1182,256.1,Tue Apr 02,256.1,26.1,0.0,,,,,
NC 1182 (Max Patch) TH,256.2,Tue Apr 02,256.2,26.1,0.1,,,,,
Roaring Fork Shelter,258.7,Tue Apr 02,258.7,26.4,2.5,,,,,
Roaring Fork (old shelter location),261.7,Tue Apr 02,261.7,26.7,3.0,,,,,
Lemon Gap TH,262.2,Tue Apr 02,262.2,26.7,0.6,,,,,
Walnut Mountain Shelter,263.5,Tue Apr 02,263.5,26.8,1.3,,,,,
SR 1173,270.1,Wed Apr 03,270.1,27.5,6.6,,,,,
Garenflo Gap TH,270.1,Wed Apr 03,270.1,27.5,0.0,,,,,
Deer Park Shelter,273.5,Wed Apr 03,273.5,27.8,3.4,,,,,
Trail head parking in Hot Springs TH,276.5,Thu Apr 04,276.5,28.1,3.0,33.9,3.2,10.5,6.6,
Hot Springs  NC 28743,276.5,Thu Apr 04,276.5,28.8,0.0,,,,,
SR 209,276.6,Thu Apr 04,276.6,28.8,0.1,,,,,
US Hwy 70,282.8,Fri Apr 05,282.8,29.4,6.1,,,,,
Spring Mountain Shelter,287.9,Fri Apr 05,287.9,29.8,5.1,,,,,
SR 70,291.7,Sat Apr 06,291.7,30.1,3.8,,,,,
TN 70 (Allen Gap) TH,291.8,Sat Apr 06,291.8,30.1,0.0,,,,,
Little Laurel Shelter,296.6,Sat Apr 06,296.6,30.5,4.8,,,,,
Jerry's Cabin Shelter,303.3,Sun Apr 07,303.3,31.1,6.7,,,,,
Flint Mountain Shelter,309.1,Sun Apr 07,309.1,31.6,5.8,,,,,
Devil's Fork Gap TH,311.8,Sun Apr 07,311.8,31.8,2.8,,,,,
SR 212,311.9,Sun Apr 07,311.8,31.8,0.0,,,,,
Hog Back Ridge Shelter,318.6,Mon Apr 08,318.6,32.4,6.7,,,,,
SR 81,320.9,Mon Apr 08,320.9,32.6,2.3,,,,,
I-26,320.9,Mon Apr 08,320.9,32.6,0.0,,,,,
I-26,320.9,Mon Apr 08,320.9,32.6,0.0,,,,,
I-26, US 23 (Sams Gap) TH,321.0,Mon Apr 08,321.0,32.6,0.1,,,,,
Street Gap TH,323.2,Mon Apr 08,323.2,32.8,2.2,,,,,
Bald Mountain Shelter,328.6,Tue Apr 09,328.6,33.3,5.4,,,,,
Spivey Gap TH,334.5,Tue Apr 09,334.5,33.8,5.9,,,,,
No Business Knob Shelter,339.4,Wed Apr 10,339.4,34.2,4.9,,,,,
Erwin  TN 37650,345.7,Wed Apr 10,345.7,34.7,6.3,69.3,5.9,11.7,6.0,
Curly Maple Gap Shelter,350.0,Thu Apr 11,350.0,35.6,4.3,,,,,
SR 197,354.2,Fri Apr 12,354.2,36.0,4.2,,,,,
TN 395 (Indian Grave Gap) TH,354.2,Fri Apr 12,354.2,36.0,0.0,,,,,
Cherry Gap Shelter,363.0,Fri Apr 12,363.0,36.9,8.7,,,,,
Iron Mountain Gap TH,366.0,Sat Apr 13,366.0,37.1,3.0,,,,,
SR 107,366.0,Sat Apr 13,366.0,37.1,0.0,,,,,
SR 1331,370.1,Sat Apr 13,370.1,37.5,4.1,,,,,
Clyde Smith Shelter,372.1,Sat Apr 13,372.1,37.7,2.0,,,,,
Cove Creek Road TH,375.2,Sun Apr 14,375.2,38.0,3.1,,,,,
Cloudlands TH,378.0,Sun Apr 14,378.0,38.3,2.8,,,,,
Roan High Knob Shelter,378.5,Sun Apr 14,378.5,38.3,0.5,,,,,
Carvers Gap TH,380.1,Sun Apr 14,380.1,38.5,1.6,,,,,
Carvers Gap Overflow TH,380.1,Sun Apr 14,380.1,38.5,0.1,,,,,
SR 261,380.1,Sun Apr 14,380.1,38.5,0.0,,,,,
Stan Murray Shelter,383.4,Sun Apr 14,383.4,38.8,3.2,,,,,
Overmountain Shelter,384.8,Sun Apr 14,384.8,38.9,1.4,,,,,
Apple House Shelter,393.3,Mon Apr 15,393.3,39.7,8.5,,,,,
US 19e TH,393.8,Mon Apr 15,393.8,39.7,0.5,,,,,
Roan Mountain  TN 37687/Elk Park  NC 28622/SR 37,393.8,Mon Apr 15,393.8,39.7,0.0,48.1,4.5,10.7,6.8,
Campbell Tract TH,397.4,Tue Apr 16,397.4,40.5,3.6,,,,,
Mountaineer Falls Shelter,402.4,Tue Apr 16,402.4,40.9,5.0,,,,,
Walnut Mountain Road TH,404.2,Wed Apr 17,404.2,41.0,1.9,,,,,
Bitter End Road TH,407.1,Wed Apr 17,407.1,41.2,2.8,,,,,
Moreland Gap Shelter,411.3,Wed Apr 17,411.3,41.5,4.2,,,,,
Dennis Cove Road TH,416.8,Wed Apr 17,416.8,41.9,5.5,,,,,
Laurel Fork Shelter,418.5,Thu Apr 18,418.5,42.1,1.7,,,,,
SR 67,425.2,Thu Apr 18,425.1,42.6,6.7,,,,,
Shook Branch Recreation Area TH,425.2,Thu Apr 18,425.2,42.6,0.1,,,,,
US 321 Cherokee National Forest TH,425.2,Thu Apr 18,425.2,42.6,0.0,,,,,
Hampton  TN 37658,425.4,Thu Apr 18,425.4,42.6,0.1,31.5,2.3,13.4,5.1,
Watauga Lake Shelter,426.8,Fri Apr 19,426.8,43.2,1.4,,,,,
Watauga Dam Road TH,429.3,Fri Apr 19,429.3,43.3,2.5,,,,,
Vandeventer Shelter,434.0,Fri Apr 19,433.9,43.6,4.7,,,,,
Iron Mountain Shelter,440.9,Sat Apr 20,440.9,44.0,6.9,,,,,
TN 91 TH,445.3,Sat Apr 20,445.3,44.3,4.5,,,,,
Shady Valley  TN 37688/TN 91/Cross Mountain TH,445.4,Sat Apr 20,445.4,44.3,0.1,,,,,
SR 91,445.5,Sat Apr 20,445.4,44.3,0.0,,,,,
Double Springs Shelter,448.5,Sat Apr 20,448.5,44.5,3.0,,,,,
US 421 TH,452.0,Sat Apr 20,452.0,44.7,3.5,,,,,
US Hwy 421,452.0,Sat Apr 20,452.0,44.7,0.0,,,,,
US 421 TH,452.0,Sat Apr 20,452.0,44.7,0.0,,,,,
McQueens Knob (Emergency Shelter),455.4,Sat Apr 20,455.4,44.9,3.3,,,,,
Abingdon Gap Shelter,456.8,Sat Apr 20,456.8,44.9,1.4,,,,,
The Place Shelter,466.9,Sun Apr 21,466.9,45.5,10.2,,,,,
Damascus  VA 24236,467.6,Sun Apr 21,467.6,45.6,0.7,42.2,2.5,17.0,2.9,
US Hwy 58,467.8,Mon Apr 22,467.8,46.6,0.2,,,,,
US 58 TH,472.4,Mon Apr 22,472.4,46.9,4.6,,,,,
Saunders Shelter,476.2,Tue Apr 23,476.2,47.2,3.8,,,,,
Whitetop Laurel Creek TH,481.1,Tue Apr 23,481.1,47.5,4.8,,,,,
County Rd 859,481.7,Tue Apr 23,481.7,47.5,0.7,,,,,
Lost Mountain Shelter,482.9,Tue Apr 23,482.9,47.6,1.2,,,,,
US Hwy 58,483.9,Tue Apr 23,483.9,47.7,1.0,,,,,
VA 601 TH,485.2,Tue Apr 23,485.2,47.8,1.2,,,,,
County Rd 601,485.2,Tue Apr 23,485.2,47.8,0.0,,,,,
USFS 89 (Whitetop Mountian Road) TH,488.7,Wed Apr 24,488.7,48.0,3.5,,,,,
Elk Garden TH,491.0,Wed Apr 24,491.0,48.2,2.3,,,,,
County Rd 600,491.0,Wed Apr 24,491.0,48.2,0.0,,,,,
Thomas Knob Shelter,495.2,Wed Apr 24,495.2,48.5,4.2,,,,,
Grayson Highlands State Park TH,498.2,Wed Apr 24,498.2,48.7,3.0,,,,,
Grayson Highlands State Park (Massie Gap) TH,498.2,Wed Apr 24,498.2,48.7,0.0,,,,,
Wise Shelter,500.3,Wed Apr 24,500.3,48.8,2.1,,,,,
Scales TH,503.3,Thu Apr 25,503.3,49.0,3.0,,,,,
Old Orchard Shelter,506.3,Thu Apr 25,506.3,49.2,3.0,,,,,
VA 603 (Fox Creek) TH,508.0,Thu Apr 25,508.0,49.3,1.7,,,,,
Troutdale  VA 24378/SR 603,508.0,Thu Apr 25,508.0,49.3,0.0,,,,,
VA 650 TH,516.4,Thu Apr 25,516.4,49.9,8.4,,,,,
County Rd 650,516.4,Thu Apr 25,516.4,49.9,0.0,,,,,
Raccoon Branch (old shelter),517.8,Fri Apr 26,517.8,50.0,1.4,,,,,
Trimpi Shelter,520.5,Fri Apr 26,520.5,50.2,2.7,,,,,
County Rd 672,521.7,Fri Apr 26,521.7,50.3,1.2,,,,,
Sugar Grove  VA 24375/VA 670 TH/County Rd 670,522.6,Fri Apr 26,522.6,50.3,0.9,,,,,
VA 601 TH,526.5,Fri Apr 26,526.5,50.6,3.9,,,,,
County Rd 601,526.5,Fri Apr 26,526.5,50.6,0.0,,,,,
Partnership Shelter,530.4,Fri Apr 26,530.4,50.8,3.9,,,,,
VA 16 (Mt Rogers Headquarters) TH,530.6,Fri Apr 26,530.6,50.9,0.2,,,,,
County Rd 622,531.3,Fri Apr 26,531.3,50.9,0.7,,,,,
USFS 86 TH,534.6,Sat Apr 27,534.6,51.1,3.3,,,,,
Chatfield Memorial Shelter,537.4,Sat Apr 27,537.4,51.3,2.8,,,,,
Settlers Museum TH,539.2,Sat Apr 27,539.2,51.4,1.8,,,,,
County Rd 615,539.2,Sat Apr 27,539.2,51.4,0.1,,,,,
County Rd 729,539.7,Sat Apr 27,539.7,51.5,0.4,,,,,
Atkins  VA 24311,541.8,Sat Apr 27,541.8,51.6,2.2,74.2,5.0,14.7,4.6,
US Hwy 11,542.0,Sun Apr 28,542.0,52.1,0.1,,,,,
I-81,542.1,Sun Apr 28,542.1,52.1,0.1,,,,,
I-81,542.1,Sun Apr 28,542.1,52.1,0.0,,,,,
County Rd 617,543.0,Sun Apr 28,543.0,52.2,0.9,,,,,
VA 617 TH,543.0,Sun Apr 28,543.0,52.2,0.0,,,,,
Davis Path (old shelter),544.8,Sun Apr 28,544.8,52.3,1.8,,,,,
County Rd 610,552.0,Sun Apr 28,552.0,52.8,7.3,,,,,
SR 742,553.5,Sun Apr 28,553.5,52.9,1.4,,,,,
SR 42,554.6,Sun Apr 28,554.6,52.9,1.1,,,,,
VA 42 TH,554.6,Sun Apr 28,554.6,52.9,0.1,,,,,
Knot Maul Shelter,556.5,Mon Apr 29,556.5,53.1,1.9,,,,,
USFS 222 TH,561.2,Mon Apr 29,561.2,53.4,4.7,,,,,
SR 625,561.2,Mon Apr 29,561.2,53.4,0.0,,,,,
Chestnut Knob Shelter,565.9,Mon Apr 29,565.9,53.7,4.7,,,,,
Walker Gap TH,567.2,Mon Apr 29,567.2,53.8,1.3,,,,,
VA 623 TH,572.0,Tue Apr 30,572.0,54.1,4.8,,,,,
SR 623,572.1,Tue Apr 30,572.0,54.1,0.0,,,,,
Jenkins Shelter,576.5,Tue Apr 30,576.5,54.4,4.5,,,,,
VA 615 TH,580.9,Tue Apr 30,580.9,54.6,4.3,,,,,
SR 615,580.9,Tue Apr 30,580.9,54.6,0.0,,,,,
US 21 &amp; 52 TH,587.9,Wed May 01,587.9,55.1,7.0,,,,,
Bastian  VA 24314/Bland  VA 24315,587.9,Wed May 01,587.9,55.1,0.0,,,,,
US Hwy 52,588.1,Wed May 01,588.1,55.1,0.2,,,,,
SR 612,588.2,Wed May 01,588.2,55.1,0.1,,,,,
I-77,588.4,Wed May 01,588.3,55.1,0.2,,,,,
VA 612 TH,588.8,Wed May 01,588.8,55.1,0.4,,,,,
Helvey's Mill Shelter,590.2,Wed May 01,590.2,55.2,1.4,,,,,
VA 611 TH,596.9,Wed May 01,596.8,55.7,6.7,,,,,
SR 611,596.9,Wed May 01,596.9,55.7,0.0,,,,,
Jenny Knob Shelter,600.0,Wed May 01,600.0,55.9,3.1,,,,,
SR 608,601.3,Wed May 01,601.3,56.0,1.3,,,,,
VA 606 TH,606.5,Thu May 02,606.5,56.3,5.2,,,,,
SR 606,606.5,Thu May 02,606.5,56.3,0.0,,,,,
Wapiti Shelter,614.7,Thu May 02,614.7,56.8,8.2,,,,,
VA 663 (Sugar Run Gap) TH,621.9,Fri May 03,621.9,57.3,7.2,,,,,
Doc's Knob Shelter,624.1,Fri May 03,624.0,57.4,2.2,,,,,
SR 793,632.6,Sat May 04,632.6,58.0,8.6,,,,,
Pearisburg  VA 24134/SR 100,633.1,Sat May 04,633.1,58.0,0.5,91.3,5.9,15.5,4.3,
US Hwy 460,634.0,Sat May 04,634.0,58.6,0.9,,,,,
US Hwy 460,634.0,Sat May 04,634.0,58.6,0.0,,,,,
SR 641,635.3,Sat May 04,635.3,58.6,1.3,,,,,
VA 614 TH,635.3,Sat May 04,635.3,58.6,0.0,,,,,
Rice Field Shelter,639.9,Sat May 04,639.9,58.9,4.6,,,,,
Pine Swamp Shelter,652.3,Sun May 05,652.3,59.7,12.4,,,,,
VA 635 TH,652.6,Sun May 05,652.6,59.8,0.3,,,,,
SR 635,654.8,Sun May 05,654.8,59.9,2.2,,,,,
VA 635 TH,654.8,Sun May 05,654.8,59.9,0.0,,,,,
Bailey Gap Shelter,656.4,Mon May 06,656.4,60.0,1.6,,,,,
VA 613 TH,660.1,Mon May 06,660.1,60.2,3.7,,,,,
Wind Rock TH,660.1,Mon May 06,660.1,60.2,0.0,,,,,
War Spur Shelter,665.3,Mon May 06,665.3,60.6,5.2,,,,,
VA 632 And USFS 156 TH,666.2,Mon May 06,666.2,60.6,0.9,,,,,
SR 632,666.2,Mon May 06,666.2,60.6,0.0,,,,,
VA 601 (Rocky Gap) TH,668.5,Mon May 06,668.5,60.8,2.3,,,,,
Laurel Creek Shelter,671.8,Tue May 07,671.8,61.0,3.3,,,,,
SR 42,674.4,Tue May 07,674.4,61.2,2.6,,,,,
VA 630 TH,675.3,Tue May 07,675.3,61.2,0.8,,,,,
Sarver Hollow Shelter,678.5,Tue May 07,678.5,61.4,3.3,,,,,
Niday Shelter,684.2,Tue May 07,684.2,61.8,5.7,,,,,
VA 621 TH,685.7,Tue May 07,685.7,61.9,1.5,,,,,
SR 621,685.8,Tue May 07,685.8,61.9,0.0,,,,,
VA 620 TH,693.6,Wed May 08,693.6,62.4,7.9,,,,,
SR 620,693.6,Wed May 08,693.6,62.4,0.0,,,,,
Pickle Branch Shelter,694.9,Wed May 08,694.9,62.5,1.3,,,,,
VA 311 TH,701.0,Wed May 08,701.0,62.9,6.1,,,,,
SR 624,701.5,Wed May 08,701.5,62.9,0.5,,,,,
Catawba  VA 24070,703.1,Thu May 09,703.1,63.0,1.6,,,,,
SR 785,703.2,Thu May 09,703.2,63.0,0.1,,,,,
VA 311 TH,707.3,Thu May 09,707.3,63.3,4.1,,,,,
SR 311,707.3,Thu May 09,707.3,63.3,0.0,,,,,
John's Spring Shelter,708.4,Thu May 09,708.4,63.4,1.1,,,,,
Catawba Shelter,709.5,Thu May 09,709.5,63.4,1.2,,,,,
Campbell Shelter,711.9,Thu May 09,711.9,63.6,2.4,,,,,
Lamberts Meadow Shelter,718.0,Fri May 10,718.0,64.0,6.2,,,,,
US 220 Commuter Parking Lot TH,727.4,Fri May 10,727.4,64.6,9.4,,,,,
US Hwy 220,727.7,Fri May 10,727.7,64.6,0.3,,,,,
Cloverdale  VA 24077/Daleville  VA 24083/US Hwy 220,727.8,Fri May 10,727.8,64.6,0.0,94.6,6.1,15.5,4.6,
SR 653,728.3,Sat May 11,728.3,65.1,0.5,,,,,
I-81,728.9,Sat May 11,728.9,65.2,0.6,,,,,
I-81,729.0,Sat May 11,729.0,65.2,0.1,,,,,
US 11 TH,729.3,Sat May 11,729.3,65.2,0.3,,,,,
Troutville  VA 24175/US Hwy 11,729.3,Sat May 11,729.3,65.2,0.0,,,,,
SR 652,729.9,Sat May 11,729.8,65.3,0.6,,,,,
Fullhardt Knob Shelter,733.2,Sat May 11,733.2,65.5,3.3,,,,,
Wilson Creek Shelter,739.2,Sat May 11,739.2,65.9,6.0,,,,,
Blue Ridge Parkway (Black Horse Gap) TH,741.6,Sun May 12,741.6,66.1,2.4,,,,,
Blue Ridge Parkway (Montvale Overlook) TH,743.4,Sun May 12,743.4,66.2,1.9,,,,,
Blue Ridge Parkway (Harveys Knob Overlook) TH,744.1,Sun May 12,744.1,66.2,0.6,,,,,
Bobblet's Gap Shelter,746.5,Sun May 12,746.5,66.4,2.4,,,,,
Blue Ridge Parkway (Sharptop &amp; Peaks Of Otter Overlook) TH,747.3,Sun May 12,747.3,66.5,0.8,,,,,
Blue Ridge Parkway (Mills Gap) TH,747.9,Sun May 12,747.9,66.5,0.7,,,,,
Buchanan  VA 24066,749.7,Sun May 12,749.7,66.6,1.7,,,,,
VA 43 TH,749.8,Sun May 12,749.7,66.6,0.1,,,,,
SR 43,749.8,Sun May 12,749.8,66.6,0.0,,,,,
Cove Mountain Shelter,752.9,Sun May 12,752.8,66.9,3.1,,,,,
SR 614,756.1,Mon May 13,756.1,67.1,3.2,,,,,
VA 614 TH,756.1,Mon May 13,756.1,67.1,0.1,,,,,
Bryant Ridge Shelter,759.9,Mon May 13,759.9,67.4,3.8,,,,,
Cornelius Creek Shelter,764.9,Mon May 13,764.9,67.7,5.0,,,,,
USFS 812 TH,767.6,Mon May 13,767.6,67.9,2.7,,,,,
County Road 3011 TH,769.1,Tue May 14,769.1,68.0,1.5,,,,,
Thunder Hill Shelter,770.2,Tue May 14,770.2,68.1,1.1,,,,,
Big Island  VA 24526/Petites Gap Road (USFS 35) TH/SR 781,774.9,Tue May 14,774.9,68.4,4.7,,,,,
Matts creek Shelter,782.7,Tue May 14,782.7,68.9,7.8,,,,,
Glasgow  VA 24555/US 501 TH,784.7,Wed May 15,784.7,69.1,2.0,57.0,4.0,14.4,5.5,
SR 130,784.8,Wed May 15,784.8,69.6,0.1,,,,,
Boat Lanch TH,784.9,Wed May 15,784.9,69.6,0.0,,,,,
SR 812,785.9,Wed May 15,785.9,69.7,1.1,,,,,
Johns Hollow Shelter,786.6,Wed May 15,786.6,69.7,0.7,,,,,
Punchbowl Shelter,795.3,Thu May 16,795.3,70.4,8.7,,,,,
Blue Ridge Parkway (Punchbowl) TH,795.8,Thu May 16,795.8,70.4,0.4,,,,,
Blue Ridge Parkway (Mile 51.7) TH,795.8,Thu May 16,795.8,70.4,0.0,,,,,
SR 607,796.0,Thu May 16,796.0,70.4,0.2,,,,,
USFS 38 TH,802.9,Thu May 16,802.8,70.9,6.8,,,,,
Brown Mountain Creek Shelter,804.9,Fri May 17,804.9,71.1,2.0,,,,,
Buena Vista  VA 24416,806.6,Fri May 17,806.6,71.2,1.7,,,,,
US Hwy 60,806.7,Fri May 17,806.6,71.2,0.0,,,,,
US 60 Long Mtn Wayside TH,806.7,Fri May 17,806.7,71.2,0.1,,,,,
Cow Camp Gap Shelter,810.6,Fri May 17,810.6,71.5,3.9,,,,,
USFS 48 TH,813.0,Fri May 17,813.0,71.7,2.4,,,,,
USFS 63 TH,815.1,Fri May 17,815.1,71.9,2.2,,,,,
SR 634,815.1,Fri May 17,815.1,71.9,0.0,,,,,
Seeley Woodowrth Shelter,820.5,Sat May 18,820.5,72.3,5.4,,,,,
SR 826,826.6,Sat May 18,826.6,72.7,6.1,,,,,
The Priest Shelter,827.5,Sat May 18,827.5,72.8,1.0,,,,,
VA 56 TH,832.2,Sun May 19,832.2,73.1,4.7,,,,,
Montebello  VA 24464/SR 56,832.3,Sun May 19,832.3,73.1,0.0,,,,,
Harpers Creek Shelter,835.1,Sun May 19,835.1,73.3,2.8,,,,,
Maupin Field Shelter,841.1,Sun May 19,841.1,73.8,6.0,,,,,
SR 664,842.8,Sun May 19,842.8,73.9,1.7,,,,,
VA 664 (Reeds Gap) TH,842.8,Sun May 19,842.8,73.9,0.0,,,,,
Blue Ridge Parkway (3 Ridges Overlook) TH,843.4,Mon May 20,843.4,74.0,0.5,,,,,
Dripping Rock TH,847.7,Mon May 20,847.7,74.3,4.3,,,,,
Blue Ridge Parkway (Humpback Picnic Parking) TH,848.9,Mon May 20,848.9,74.4,1.2,,,,,
Blue Ridge Parkway (Humpback Gap) TH,854.5,Mon May 20,854.5,74.8,5.6,,,,,
Paul C. Wolfe Shelter,857.0,Tue May 21,856.9,75.0,2.5,,,,,
US Hwy 250,861.9,Tue May 21,861.9,75.3,5.0,,,,,
Waynesboro  VA 22980/I-64/I-64,862.0,Tue May 21,861.9,75.3,0.0,77.2,5.8,13.4,6.3,
Skyline Drive (McCormick Gap) TH,865.6,Wed May 22,865.6,76.1,3.6,,,,,
Skyline Drive (Beagle Gap) TH,867.5,Wed May 22,867.5,76.2,1.9,,,,,
Calf Mountain Shelter,869.6,Wed May 22,869.6,76.3,2.2,,,,,
Skyline Drive (Sawmill Run Overlook) TH,872.5,Wed May 22,872.4,76.5,2.8,,,,,
Skyline Drive (Turk Gap) TH,874.1,Wed May 22,874.1,76.6,1.6,,,,,
Skyline Drive (Wildcat Ridge) TH,876.1,Wed May 22,876.1,76.7,2.0,,,,,
Skyline Drive (Riprap) TH,879.1,Wed May 22,879.1,76.9,3.0,,,,,
Skyline Drive (Black Rock Gap) TH,882.1,Thu May 23,882.1,77.1,3.0,,,,,
Blackrock Hut Shelter,882.8,Thu May 23,882.8,77.2,0.7,,,,,
Skyline Drive (Black Rock) TH,883.9,Thu May 23,883.9,77.2,1.1,,,,,
Skyline Drive (Jones Run) TH,884.6,Thu May 23,884.6,77.3,0.7,,,,,
Skyline Drive (Browns Gap) TH,886.0,Thu May 23,886.0,77.4,1.3,,,,,
Skyline Drive (Doyles River Overlook) TH,887.3,Thu May 23,887.3,77.5,1.3,,,,,
Skyline Drive (Doyles River Trailhead) TH,888.1,Thu May 23,888.1,77.5,0.8,,,,,
Skyline Drive (Ivy Creek Overlook) TH,894.5,Thu May 23,894.5,77.9,6.4,,,,,
Pinefield Hut Shelter,896.1,Fri May 24,896.1,78.0,1.6,,,,,
Skyline Drive (Simmons Gap) TH,898.3,Fri May 24,898.3,78.1,2.2,,,,,
SR 628,898.3,Fri May 24,898.3,78.2,0.0,,,,,
Skyline Drive (Smith Roach Gap) TH,903.2,Fri May 24,903.2,78.5,4.9,,,,,
Hightop Hut Shelter,904.5,Fri May 24,904.5,78.5,1.3,,,,,
Skyline Drive (Hightop Mountain) TH,906.6,Fri May 24,906.6,78.7,2.1,,,,,
US Hwy 33,907.8,Fri May 24,907.8,78.8,1.2,,,,,
Pocosin Cabin Shelter,914.4,Sat May 25,914.4,79.2,6.5,,,,,
Bearfence Mountain Hut Shelter,917.2,Sat May 25,917.2,79.3,2.8,,,,,
Bearfence Mountain Hut TH,917.4,Sat May 25,917.4,79.4,0.2,,,,,
Skyline Drive (Bearfence Mountain) TH,918.4,Sat May 25,918.4,79.4,1.0,,,,,
Skyline Drive (Bootens Gap) TH,919.8,Sat May 25,919.8,79.5,1.4,,,,,
Skyline Drive (Milam Gap) TH,922.8,Sat May 25,922.8,79.7,3.0,,,,,
Skyline Drive (Tanners Ridge overlook) TH,924.3,Sat May 25,924.3,79.8,1.5,,,,,
Rock Spring Hut Shelter,928.9,Sun May 26,928.9,80.1,4.6,,,,,
Skyline Drive (Lower Hawksbill lot) TH,930.3,Sun May 26,930.3,80.2,1.4,,,,,
Skyline Drive (Skyland South) TH,932.9,Sun May 26,932.9,80.3,2.6,,,,,
Skyline Drive (stables) TH,933.3,Sun May 26,933.3,80.4,0.4,,,,,
Skyline Drive (Nature Trail Parking) TH,933.7,Sun May 26,933.7,80.4,0.5,,,,,
Skyline Drive (Little Stony Man) TH,935.3,Sun May 26,935.3,80.5,1.6,,,,,
Byrds Nest 3 Shelter,940.0,Sun May 26,940.0,80.8,4.7,,,,,
Thornton Gap TH,943.0,Mon May 27,943.0,81.0,3.0,,,,,
US Hwy 211,943.3,Mon May 27,943.3,81.0,0.3,81.3,5.2,15.8,5.0,
US Hwy 211,943.3,Mon May 27,943.3,81.5,0.0,,,,,
Pass Mountain Hut Shelter,944.7,Mon May 27,944.7,81.6,1.4,,,,,
Skyline Drive (Beahms Gap) TH,946.5,Mon May 27,946.5,81.7,1.8,,,,,
Skyline Drive (Elkwallow Wayside) TH,952.1,Tue May 28,952.1,82.0,5.6,,,,,
Skyline Drive (Hogback Mountain) TH,954.6,Tue May 28,954.6,82.2,2.6,,,,,
Skyline Drive (Little Hogback Overlook) TH,956.2,Tue May 28,956.2,82.3,1.6,,,,,
Gravel Springs Hut Shelter,958.0,Tue May 28,958.0,82.4,1.8,,,,,
Skyline Drive (Gravel Springs Gap) TH,958.2,Tue May 28,958.2,82.4,0.2,,,,,
Skyline Drive (Marshall) TH,960.0,Tue May 28,960.0,82.5,1.7,,,,,
Skyline Drive (Compton Gap) TH,966.0,Tue May 28,966.0,82.8,6.1,,,,,
SR 601,968.2,Wed May 29,968.2,83.0,2.2,,,,,
Tom Floyd Wayside Shelter,968.7,Wed May 29,968.7,83.0,0.5,,,,,
SR 602,970.2,Wed May 29,970.2,83.1,1.6,,,,,
VA 522 (Chester Gap) TH,971.6,Wed May 29,971.6,83.2,1.4,,,,,
US Hwy 522,971.6,Wed May 29,971.6,83.2,0.0,,,,,
Jim &amp; Molly Denton Shelter,976.8,Wed May 29,976.8,83.5,5.2,,,,,
VA 638 (Fiery Run Road) TH,977.9,Wed May 29,977.9,83.6,1.1,,,,,
VA 638 TH,977.9,Wed May 29,977.9,83.6,0.0,,,,,
Linden  VA 22642/Front Royal  VA 22630/VA 55 (Manassas Gap) TH,979.9,Wed May 29,979.9,83.7,1.9,,,,,
I-66,980.0,Wed May 29,980.0,83.7,0.1,,,,,
I-66,980.0,Wed May 29,980.0,83.7,0.0,,,,,
VA 725 TH,980.0,Wed May 29,980.0,83.7,0.0,,,,,
County Rd 725,980.0,Wed May 29,980.0,83.7,0.0,,,,,
County Rd 725,982.3,Wed May 29,982.3,83.8,2.3,,,,,
Manassass Gap Shelter,982.4,Wed May 29,982.4,83.8,0.1,,,,,
Upper Ted Lake Parking Area TH,983.3,Wed May 29,983.3,83.9,0.9,,,,,
Dick's Dome Shelter,986.9,Thu May 30,986.9,84.1,3.6,,,,,
US Hwy 17,991.8,Thu May 30,991.8,84.4,5.0,,,,,
US Hwy 50,991.9,Thu May 30,991.9,84.4,0.0,,,,,
VA 601 TH,992.0,Thu May 30,992.0,84.4,0.1,,,,,
Rod Hollow Shelter,995.3,Thu May 30,995.3,84.6,3.3,,,,,
SR 605,999.1,Thu May 30,999.1,84.8,3.8,,,,,
Sam Moore Shelter,1002.3,Fri May 31,1002.3,85.0,3.2,,,,,
Bears Den Hostel Shelter,1005.2,Fri May 31,1005.2,85.2,2.9,,,,,
Bluemont  VA 20135,1005.8,Fri May 31,1005.8,85.2,0.6,,,,,
SR 679,1005.9,Fri May 31,1005.9,85.2,0.1,,,,,
SR 7,1005.9,Fri May 31,1005.9,85.2,0.0,,,,,
Rt. 679 / Snickers Gap north side TH,1005.9,Fri May 31,1005.9,85.2,0.0,,,,,
Blackburn Trail Center Shelter,1013.4,Fri May 31,1013.4,85.7,7.5,,,,,
David Lesser Memorial Shelter,1016.6,Fri May 31,1016.6,85.8,3.2,,,,,
VA 9 (Keys Gap) TH,1019.6,Sat Jun 01,1019.6,86.0,3.0,,,,,
SR 9,1019.7,Sat Jun 01,1019.7,86.0,0.0,,,,,
County Rd 32,1024.3,Sat Jun 01,1024.3,86.3,4.6,,,,,
SR 340,1024.9,Sat Jun 01,1024.9,86.3,0.6,,,,,
Shenandoah Street TH,1025.2,Sat Jun 01,1025.2,86.3,0.3,,,,,
ATC Headquarters - Harpers Ferry Shelter,1025.6,Sat Jun 01,1025.5,86.4,0.3,,,,,
Harpers Ferry  WV 25425,1026.1,Sat Jun 01,1026.1,86.4,0.5,82.8,4.9,16.9,4.5,
US Hwy 340,1027.5,Sun Jun 02,1027.5,87.0,1.5,,,,,
Keep Tryst Road TH,1029.1,Sun Jun 02,1029.1,87.1,1.6,,,,,
US Hwy 340,1029.4,Sun Jun 02,1029.4,87.1,0.2,,,,,
US Hwy 340,1029.4,Sun Jun 02,1029.4,87.1,0.0,,,,,
Weverton Road TH,1029.5,Sun Jun 02,1029.5,87.1,0.2,,,,,
Ed Garvey Shelter,1032.5,Sun Jun 02,1032.5,87.2,3.0,,,,,
Gathland State Park (south parking area) TH,1036.1,Sun Jun 02,1036.1,87.4,3.6,,,,,
Gathland State Park (north parking area) TH,1036.3,Sun Jun 02,1036.3,87.4,0.2,,,,,
Crampton Gap Shelter,1036.7,Sun Jun 02,1036.6,87.5,0.4,,,,,
Rocky Run Shelter,1041.4,Sun Jun 02,1041.4,87.7,4.7,,,,,
Reno Monument Road (Fox Gap) TH,1042.5,Sun Jun 02,1042.5,87.8,1.1,,,,,
US Alt. 40 (Turners Gap) TH,1043.6,Sun Jun 02,1043.6,87.8,1.1,,,,,
US Hwy 40,1043.6,Sun Jun 02,1043.6,87.8,0.0,,,,,
Dahlgren Chapel TH,1043.6,Sun Jun 02,1043.6,87.8,0.0,,,,,
Washington Monument Road (Hiker Parking) TH,1045.2,Sun Jun 02,1045.2,87.9,1.6,,,,,
Washington Monument Road (Main Parking) TH,1045.4,Sun Jun 02,1045.4,87.9,0.2,,,,,
Boonsboro Mountain Road TH,1047.7,Mon Jun 03,1047.7,88.1,2.3,,,,,
I-70,1048.5,Mon Jun 03,1048.5,88.1,0.8,,,,,
I-70,1048.5,Mon Jun 03,1048.5,88.1,0.0,,,,,
US 40 (Annapolis Rock) TH,1048.6,Mon Jun 03,1048.6,88.1,0.0,,,,,
US Hwy 40,1048.7,Mon Jun 03,1048.7,88.1,0.1,,,,,
Pine  Knob Shelter,1049.1,Mon Jun 03,1049.0,88.1,0.4,,,,,
MD 17 (Wolfsville Road) TH,1057.2,Mon Jun 03,1057.2,88.6,8.1,,,,,
MD 17 (Wolfsville Road) TH,1057.2,Mon Jun 03,1057.2,88.6,0.0,,,,,
Ensign Cowall Shelter,1057.5,Mon Jun 03,1057.5,88.6,0.3,,,,,
Smithsburg  MD 21783/SR 77,1059.1,Mon Jun 03,1059.1,88.7,1.6,,,,,
Warner Gap Rd TH,1060.8,Mon Jun 03,1060.8,88.8,1.7,,,,,
SR 491,1061.6,Mon Jun 03,1061.6,88.8,0.8,,,,,
Devil's Racecourse (old shelter),1062.7,Mon Jun 03,1062.6,88.9,1.0,,,,,
High Rock Road TH,1064.4,Mon Jun 03,1064.4,89.0,1.8,,,,,
Cascade  MD 21719/Pen Mar Road TH,1067.6,Tue Jun 04,1067.6,89.1,3.2,,,,,
PA 16 TH,1070.0,Tue Jun 04,1070.0,89.3,2.4,,,,,
SR 16,1070.0,Tue Jun 04,1070.0,89.3,0.0,,,,,
Mentzer Gap Road TH,1070.2,Tue Jun 04,1070.2,89.3,0.2,,,,,
Deer Lick Shelter,1072.1,Tue Jun 04,1072.1,89.4,1.9,,,,,
Rattlesnake Run Road (Pipeline) TH,1072.5,Tue Jun 04,1072.5,89.4,0.3,,,,,
Antietam Shelter,1074.4,Tue Jun 04,1074.4,89.5,1.9,,,,,
Rattlesnake Run Road TH,1074.9,Tue Jun 04,1074.8,89.5,0.4,,,,,
Tumbling Run Road (Old Forge Road) TH,1075.5,Tue Jun 04,1075.5,89.6,0.7,,,,,
Tumbling Run Shelter,1075.5,Tue Jun 04,1075.5,89.6,0.0,,,,,
Snowy Mountain Road TH,1079.4,Tue Jun 04,1079.4,89.8,3.9,,,,,
South Mountain  PA 17261,1080.0,Tue Jun 04,1080.0,89.8,0.6,,,,,
PA 233 TH,1080.4,Tue Jun 04,1080.4,89.8,0.4,,,,,
Rocky Mountain Shelter,1082.1,Tue Jun 04,1082.1,89.9,1.7,,,,,
Fayetteville  PA 17222/US Hwy 30,1085.1,Wed Jun 05,1085.1,90.1,3.0,59.0,3.2,18.7,3.5,
US 30 (Caledonia State Park) TH,1085.4,Wed Jun 05,1085.4,90.6,0.4,,,,,
Caledonia State Park TH,1085.6,Wed Jun 05,1085.5,90.6,0.1,,,,,
Quarry Gap Shelter,1087.6,Wed Jun 05,1087.6,90.7,2.0,,,,,
Milesburn Cabin Shelter,1092.5,Wed Jun 05,1092.5,90.9,4.9,,,,,
Birch Run Shelter,1094.9,Thu Jun 06,1094.9,91.0,2.4,,,,,
Shippensburg-Arendtsville Road (Big Flat) TH,1096.3,Thu Jun 06,1096.3,91.1,1.3,,,,,
Dead Woman's Hollow TH,1097.3,Thu Jun 06,1097.3,91.2,1.0,,,,,
Tom's Run Shelter,1101.0,Thu Jun 06,1101.0,91.3,3.7,,,,,
Old Shippensburg Road TH,1102.4,Thu Jun 06,1102.4,91.4,1.4,,,,,
PA 233 TH,1104.4,Thu Jun 06,1104.4,91.5,2.0,,,,,
SR 233,1104.5,Thu Jun 06,1104.5,91.5,0.1,,,,,
Ironmasters Mansion Shelter,1104.7,Thu Jun 06,1104.7,91.5,0.1,,,,,
Pine Grove Furnace State Park TH,1104.8,Thu Jun 06,1104.8,91.5,0.1,,,,,
Pine Grove Furnace State Park TH,1104.8,Thu Jun 06,1104.8,91.5,0.1,,,,,
Pine Grove Furnace State Park TH,1105.1,Thu Jun 06,1105.1,91.5,0.3,,,,,
Pine Grove Furnace State Park (Old Railroad Bed Road 2) TH,1105.9,Thu Jun 06,1105.9,91.6,0.7,,,,,
James Fry at Tagg Run Shelter,1112.1,Thu Jun 06,1112.1,91.9,6.3,,,,,
Green Mountain Road (Tagg Run) TH,1112.6,Thu Jun 06,1112.6,91.9,0.5,,,,,
PA 34 (Hunter's Run) TH,1113.3,Thu Jun 06,1113.3,91.9,0.7,,,,,
SR 34,1113.5,Thu Jun 06,1113.5,91.9,0.2,,,,,
Appalachian Trail Road TH,1113.5,Thu Jun 06,1113.5,91.9,0.0,,,,,
Mt. Holly Springs  PA 17065/SR 94,1115.6,Fri Jun 07,1115.6,92.0,2.1,,,,,
Sheet Iron Roof Road TH,1115.8,Fri Jun 07,1115.8,92.0,0.3,,,,,
Whiskey Springs Road TH,1118.4,Fri Jun 07,1118.4,92.2,2.6,,,,,
Alec Kennedy Shelter,1120.4,Fri Jun 07,1120.4,92.3,2.1,,,,,
No Official Name or Unknown TH,1122.9,Fri Jun 07,1122.9,92.4,2.4,,,,,
Leidigh Road (south side only) TH,1123.3,Fri Jun 07,1123.3,92.4,0.4,,,,,
No Official Name Or Unknown TH,1123.4,Fri Jun 07,1123.4,92.4,0.1,,,,,
No Official Name or Unknown TH,1124.1,Fri Jun 07,1124.1,92.4,0.7,,,,,
Fishing Parking Lot TH,1124.2,Fri Jun 07,1124.2,92.5,0.2,,,,,
ATC Mid-Atlantic Office Shelter,1124.4,Fri Jun 07,1124.4,92.5,0.2,,,,,
Boiling Springs  PA 17007/SR 174,1124.5,Fri Jun 07,1124.4,92.5,0.0,,,,,
PA 74 (York Road - north side only) TH,1126.5,Fri Jun 07,1126.5,92.6,2.1,,,,,
Lisburn Road TH,1127.5,Fri Jun 07,1127.5,92.6,1.0,,,,,
SR 641,1128.6,Fri Jun 07,1128.6,92.7,1.1,,,,,
PA 641 (Trindle Road) TH,1128.6,Fri Jun 07,1128.6,92.7,0.0,,,,,
I-76,1131.2,Fri Jun 07,1131.2,92.8,2.6,,,,,
I-76,1131.2,Fri Jun 07,1131.2,92.8,0.0,,,,,
US Hwy 11,1132.4,Fri Jun 07,1132.4,92.8,1.2,,,,,
I-81,1133.3,Fri Jun 07,1133.3,92.9,0.9,,,,,
I-81,1133.4,Fri Jun 07,1133.4,92.9,0.0,,,,,
Scott Farm Shelter,1134.8,Sat Jun 08,1134.8,93.0,1.4,,,,,
Sherwood Drive TH,1136.0,Sat Jun 08,1136.0,93.0,1.1,,,,,
SR 944,1136.9,Sat Jun 08,1136.9,93.1,0.9,,,,,
Darlington Shelter,1138.9,Sat Jun 08,1138.9,93.2,2.0,,,,,
PA 850 TH,1141.1,Sat Jun 08,1141.1,93.3,2.2,,,,,
SR 850,1141.1,Sat Jun 08,1141.1,93.3,0.0,,,,,
Cove Mountain Shelter,1146.3,Sat Jun 08,1146.3,93.5,5.2,,,,,
No Official Name Or Unknown TH,1148.9,Sat Jun 08,1148.9,93.6,2.6,,,,,
US Hwy 15,1149.7,Sat Jun 08,1149.7,93.7,0.8,,,,,
Duncannon  PA 17020,1150.7,Sat Jun 08,1150.7,93.7,1.0,65.6,3.2,20.8,2.4,
SR 849,1151.2,Sun Jun 09,1151.2,94.2,0.5,,,,,
SR 849,1151.4,Sun Jun 09,1151.4,94.3,0.3,,,,,
US Hwy 22,1151.9,Sun Jun 09,1151.9,94.3,0.5,,,,,
SR 147,1152.0,Sun Jun 09,1152.0,94.3,0.0,,,,,
Clark's Ferry Shelter,1154.7,Sun Jun 09,1154.7,94.4,2.8,,,,,
SR 225,1158.7,Sun Jun 09,1158.7,94.6,3.9,,,,,
PA 225 TH,1158.7,Sun Jun 09,1158.7,94.6,0.0,,,,,
Peters Mountain Shelter,1161.7,Sun Jun 09,1161.7,94.8,3.0,,,,,
SR 325,1168.8,Mon Jun 10,1168.8,95.1,7.1,,,,,
PA 325 TH,1168.8,Mon Jun 10,1168.8,95.1,0.0,,,,,
Rausch Gap Shelter,1180.5,Mon Jun 10,1180.5,95.6,11.7,,,,,
Rausch Gap TH,1180.7,Mon Jun 10,1180.7,95.7,0.2,,,,,
SR 443,1184.4,Mon Jun 10,1184.4,95.8,3.8,,,,,
PA 443 (Swatara State Park) TH,1185.1,Mon Jun 10,1185.1,95.9,0.7,,,,,
PA 72 (Swatara State Park) TH,1186.3,Mon Jun 10,1186.3,95.9,1.2,,,,,
SR 72,1186.5,Mon Jun 10,1186.5,95.9,0.2,,,,,
I-81,1186.8,Mon Jun 10,1186.8,95.9,0.4,,,,,
I-81,1186.9,Mon Jun 10,1186.9,95.9,0.0,,,,,
William Penn Shelter,1194.1,Tue Jun 11,1194.1,96.3,7.2,,,,,
PA 645 TH,1196.3,Tue Jun 11,1196.3,96.4,2.2,,,,,
SR 645,1196.3,Tue Jun 11,1196.3,96.4,0.0,,,,,
PA 501 Shelter,1198.1,Tue Jun 11,1198.1,96.5,1.8,,,,,
Pine Grove  PA 17963/PA 501 TH,1198.3,Tue Jun 11,1198.3,96.5,0.2,,,,,
SR 501,1198.4,Tue Jun 11,1198.4,96.5,0.0,,,,,
PA 183 (south) TH,1207.6,Tue Jun 11,1207.6,96.9,9.3,,,,,
SR 183,1207.7,Tue Jun 11,1207.7,96.9,0.0,,,,,
PA 183 (north) TH,1208.0,Tue Jun 11,1208.0,97.0,0.3,,,,,
Eagles Nest Shelter,1213.6,Wed Jun 12,1213.6,97.2,5.6,,,,,
PA 61 TH,1223.0,Wed Jun 12,1223.0,97.7,9.4,,,,,
SR 61,1223.4,Wed Jun 12,1223.4,97.7,0.4,,,,,
Port Clinton  PA 19549/Port Clinton Ave TH,1223.5,Wed Jun 12,1223.5,97.7,0.1,72.8,3.5,21.0,2.3,
Hamburg Watershed TH,1228.8,Thu Jun 13,1228.8,98.2,5.3,,,,,
Windsor Furnace Shelter,1228.9,Thu Jun 13,1228.9,98.2,0.1,,,,,
Eckville Shelter,1238.0,Thu Jun 13,1238.0,98.6,9.2,,,,,
Hawk Mountain Road TH,1238.1,Thu Jun 13,1238.1,98.6,0.0,,,,,
Allentown Shelter,1245.7,Fri Jun 14,1245.7,99.0,7.6,,,,,
Fort Franklin Road (Blue Mountainhouse Road) TH,1247.7,Fri Jun 14,1247.7,99.1,2.0,,,,,
SR 309,1249.9,Fri Jun 14,1249.9,99.2,2.2,,,,,
PA 309 TH,1249.9,Fri Jun 14,1249.9,99.2,0.0,,,,,
Bake Oven Knob Road (west side) TH,1254.8,Fri Jun 14,1254.8,99.4,4.8,,,,,
Bake Oven Knob Road (east side) TH,1254.8,Fri Jun 14,1254.8,99.4,0.0,,,,,
Bake Oven Knob Shelter,1255.8,Fri Jun 14,1255.8,99.5,1.0,,,,,
Ashfield Road (Lehigh Furnace Gap) TH,1258.2,Fri Jun 14,1258.2,99.6,2.4,,,,,
I-476,1260.7,Fri Jun 14,1260.7,99.7,2.5,,,,,
I-476,1260.7,Fri Jun 14,1260.7,99.7,0.0,,,,,
George W. Outerbridge Shelter,1262.6,Fri Jun 14,1262.6,99.8,2.0,,,,,
Lehigh Gap West TH,1263.2,Fri Jun 14,1263.2,99.8,0.6,,,,,
Slatington  PA 18080/SR 873,1263.2,Fri Jun 14,1263.2,99.8,0.0,,,,,
SR 145,1263.6,Fri Jun 14,1263.6,99.8,0.4,,,,,
SR 248,1263.6,Fri Jun 14,1263.6,99.8,0.0,,,,,
Lehigh Gap East TH,1263.7,Fri Jun 14,1263.7,99.8,0.1,,,,,
Blue Mountain Drive (Little Gap) TH,1268.5,Sat Jun 15,1268.5,100.1,4.8,,,,,
Danielsville  PA 18038,1268.6,Sat Jun 15,1268.5,100.1,0.0,,,,,
Smith Gap TH,1275.9,Sat Jun 15,1275.9,100.4,7.3,,,,,
Leroy A. Smith Shelter,1279.3,Sat Jun 15,1279.3,100.6,3.4,,,,,
SR 33,1283.9,Sat Jun 15,1283.9,100.8,4.5,,,,,
PA 115 (Wind Gap) TH,1284.0,Sat Jun 15,1284.0,100.8,0.1,,,,,
Wind Gap  PA 18091/SR 115,1284.0,Sat Jun 15,1284.0,100.8,0.0,,,,,
PA 191 (Fox Gap) TH,1292.5,Sun Jun 16,1292.5,101.2,8.6,,,,,
SR 191,1292.6,Sun Jun 16,1292.6,101.2,0.0,,,,,
Kirkridge Shelter,1293.1,Sun Jun 16,1293.1,101.2,0.6,,,,,
Delaware Water Gap (Lake Lenape) TH,1299.3,Sun Jun 16,1299.3,101.5,6.1,,,,,
SR 611,1299.5,Sun Jun 16,1299.5,101.5,0.2,,,,,
Delaware Water Gap  PA 18327,1299.5,Sun Jun 16,1299.5,101.5,0.0,76.0,3.6,21.2,2.2,
AT Overflow Parking TH,1300.8,Mon Jun 17,1300.8,102.1,1.3,,,,,
I-80,1301.0,Mon Jun 17,1301.0,102.1,0.2,,,,,
I-80,1301.0,Mon Jun 17,1301.0,102.1,0.0,,,,,
I-80 TH,1301.0,Mon Jun 17,1301.0,102.1,0.0,,,,,
Dunnfield Creek Natural Area TH,1301.1,Mon Jun 17,1301.1,102.1,0.1,,,,,
Mohican Outdoor Center (Camp Road) TH,1310.1,Mon Jun 17,1310.1,102.5,8.9,,,,,
Fire Road Entrance TH,1313.3,Mon Jun 17,1313.3,102.7,3.2,,,,,
Blairstown Road TH,1313.4,Mon Jun 17,1313.4,102.7,0.1,,,,,
Blue Mountain Lakes Road TH,1317.1,Mon Jun 17,1317.1,102.9,3.7,,,,,
County Rd 624,1317.2,Mon Jun 17,1317.1,102.9,0.0,,,,,
Blue Mountain Lakes Road TH,1317.2,Mon Jun 17,1317.2,102.9,0.0,,,,,
Brink Road Shelter,1324.1,Tue Jun 18,1324.0,103.2,6.9,,,,,
Branchville  NJ 07826,1327.5,Tue Jun 18,1327.5,103.4,3.5,,,,,
US Hwy 206,1327.6,Tue Jun 18,1327.5,103.4,0.0,,,,,
County Rd 636,1327.6,Tue Jun 18,1327.6,103.4,0.0,,,,,
Culvers Gap TH,1327.9,Tue Jun 18,1327.9,103.4,0.3,,,,,
Gren Anderson Shelter,1330.7,Tue Jun 18,1330.7,103.5,2.8,,,,,
Sunrise Mountain Picnic Shelter,1333.0,Tue Jun 18,1333.0,103.6,2.3,,,,,
Sunrise Mountain Pavilion TH,1333.2,Tue Jun 18,1333.2,103.7,0.2,,,,,
Mashipicong Shelter,1336.4,Tue Jun 18,1336.3,103.8,3.1,,,,,
County Rd 650,1336.5,Tue Jun 18,1336.5,103.8,0.2,,,,,
Deckertown Turnpike TH,1336.5,Tue Jun 18,1336.5,103.8,0.0,,,,,
Rutherford Shelter,1339.4,Tue Jun 18,1339.4,104.0,2.9,,,,,
NJ 23 (High Point State Park) TH,1341.7,Wed Jun 19,1341.7,104.1,2.3,,,,,
SR 23,1341.8,Wed Jun 19,1341.8,104.1,0.1,,,,,
High Point Shelter,1343.3,Wed Jun 19,1343.3,104.1,1.5,,,,,
County Road 519 TH,1344.7,Wed Jun 19,1344.7,104.2,1.4,,,,,
County Rd 519,1344.7,Wed Jun 19,1344.7,104.2,0.0,,,,,
Goldsmith Lane TH,1349.2,Wed Jun 19,1349.2,104.4,4.5,,,,,
Unionville Road TH,1349.6,Wed Jun 19,1349.6,104.4,0.4,,,,,
County Rd 651,1349.6,Wed Jun 19,1349.6,104.4,0.0,,,,,
Unionville  NY 10988/Quarry Road TH,1349.9,Wed Jun 19,1349.9,104.5,0.3,,,,,
Lott Road TH,1350.6,Wed Jun 19,1350.6,104.5,0.7,,,,,
NJ 284 TH,1351.6,Wed Jun 19,1351.6,104.5,1.0,,,,,
County Rd 667,1355.3,Wed Jun 19,1355.3,104.7,3.6,,,,,
Pochuck Mountain Shelter,1355.8,Wed Jun 19,1355.8,104.7,0.5,,,,,
Louemma TH,1357.8,Wed Jun 19,1357.8,104.8,2.0,,,,,
NJ 565 TH,1358.4,Wed Jun 19,1358.4,104.9,0.6,,,,,
County Rd 565,1358.4,Wed Jun 19,1358.4,104.9,0.0,,,,,
Glenwood  NJ 07418/County Rd 517,1359.9,Wed Jun 19,1359.9,104.9,1.5,,,,,
Canal Road TH,1361.4,Thu Jun 20,1361.4,105.0,1.5,,,,,
Vernon  NJ 07462/NJ 94 (Annex) TH/County Rd 515,1362.3,Thu Jun 20,1362.3,105.1,0.9,62.7,3.0,20.7,2.6,
Barrett Road TH,1365.3,Thu Jun 20,1365.3,105.7,3.0,,,,,
Wawayanda Shelter,1367.3,Thu Jun 20,1367.3,105.8,2.0,,,,,
Warwick Turnpike TH,1367.8,Thu Jun 20,1367.8,105.9,0.5,,,,,
Longhouse Drive (Brady Road) TH,1369.1,Thu Jun 20,1369.1,105.9,1.4,,,,,
NY 17A TH,1377.0,Fri Jun 21,1377.0,106.4,7.9,,,,,
Bellvale  NY 10912/Greenwood Lake  NY 10925,1377.1,Fri Jun 21,1377.1,106.4,0.1,,,,,
Wildcat Shelter,1379.2,Fri Jun 21,1379.2,106.5,2.1,,,,,
Lakes Road TH,1380.6,Fri Jun 21,1380.6,106.6,1.4,,,,,
County Rd 5,1380.6,Fri Jun 21,1380.6,106.6,0.0,,,,,
West Mombasha Road TH,1384.0,Fri Jun 21,1384.0,106.7,3.4,,,,,
County Rd 91,1384.0,Fri Jun 21,1384.0,106.7,0.0,,,,,
East Mombasha Road TH,1385.6,Fri Jun 21,1385.6,106.8,1.6,,,,,
Southfields  NY 10975,1386.9,Fri Jun 21,1386.9,106.9,1.3,,,,,
County Rd 19,1387.0,Fri Jun 21,1387.0,106.9,0.1,,,,,
SR 17,1388.7,Sat Jun 22,1388.7,107.0,1.7,,,,,
I-87,1388.9,Sat Jun 22,1388.9,107.0,0.2,,,,,
Elk Pen TH,1388.9,Sat Jun 22,1388.9,107.0,0.1,,,,,
Arden  NY 10910,1389.0,Sat Jun 22,1389.0,107.0,0.1,,,,,
Fingerboard Shelter,1393.0,Sat Jun 22,1393.0,107.2,3.9,,,,,
William Brien Memorial Shelter,1398.3,Sat Jun 22,1398.3,107.5,5.3,,,,,
West Mountain Shelter,1401.3,Sat Jun 22,1401.3,107.7,3.0,,,,,
Bear Mountain TH,1405.3,Sat Jun 22,1405.3,107.9,4.0,,,,,
US Hwy 202,1407.4,Sun Jun 23,1407.4,108.0,2.1,,,,,
Fort Montgomery  NY 10922,1407.8,Sun Jun 23,1407.8,108.0,0.4,,,,,
Bear Mountain  NY 10911/Peekskill  NY 10566,1408.3,Sun Jun 23,1408.3,108.1,0.5,46.1,2.5,18.5,3.9,
US Hwy 202,1408.4,Sun Jun 23,1408.3,108.6,0.0,,,,,
NY 9D TH,1408.4,Sun Jun 23,1408.4,108.6,0.1,,,,,
South Mountain Pass TH,1410.3,Sun Jun 23,1410.3,108.7,1.8,,,,,
SR 403,1413.6,Sun Jun 23,1413.6,108.8,3.3,,,,,
US Hwy 9,1413.6,Sun Jun 23,1413.6,108.8,0.0,,,,,
South Highland Road TH,1419.5,Mon Jun 24,1419.5,109.1,5.9,,,,,
Dennytown Road TH,1422.1,Mon Jun 24,1422.1,109.3,2.6,,,,,
SR 301,1425.8,Mon Jun 24,1425.8,109.5,3.7,,,,,
NY 301 TH,1425.8,Mon Jun 24,1425.8,109.5,0.0,,,,,
Long Hill Road TH,1430.2,Mon Jun 24,1430.2,109.7,4.4,,,,,
RPH Shelter,1432.5,Mon Jun 24,1432.5,109.8,2.3,,,,,
Hosner Mountain Road TH,1436.0,Tue Jun 25,1436.0,110.0,3.5,,,,,
SR 52,1437.7,Tue Jun 25,1437.7,110.1,1.7,,,,,
Stormville  NY 12582/Route 52 TH,1437.7,Tue Jun 25,1437.7,110.1,0.0,,,,,
Stormville Mountain Road TH,1438.7,Tue Jun 25,1438.7,110.2,1.0,,,,,
I-84,1439.0,Tue Jun 25,1439.0,110.2,0.3,,,,,
I-84,1439.0,Tue Jun 25,1439.0,110.2,0.0,,,,,
Morgan Stewart Shelter,1441.3,Tue Jun 25,1441.3,110.3,2.3,,,,,
Depot Hill Road TH,1442.4,Tue Jun 25,1442.4,110.4,1.2,,,,,
Old NY 55 TH,1444.3,Tue Jun 25,1444.3,110.5,1.9,,,,,
Old NY 55 (Nuclear Lake) TH,1444.5,Tue Jun 25,1444.5,110.5,0.3,,,,,
Poughquag  NY 12570/Pawling  NY 12564/SR 55,1444.6,Tue Jun 25,1444.6,110.5,0.0,,,,,
NY 55 TH,1444.7,Tue Jun 25,1444.7,110.5,0.1,,,,,
Telephone Pioneers Shelter,1448.7,Tue Jun 25,1448.7,110.7,4.1,,,,,
County Route 20 TH,1449.2,Tue Jun 25,1449.2,110.7,0.5,,,,,
County Rd 20,1449.3,Tue Jun 25,1449.3,110.7,0.0,,,,,
NY 22 TH,1451.6,Tue Jun 25,1451.6,110.9,2.4,,,,,
SR 55,1451.7,Tue Jun 25,1451.7,110.9,0.1,,,,,
Wiley Shelter,1457.4,Wed Jun 26,1457.4,111.2,5.7,,,,,
Duell Hollow Road TH,1457.6,Wed Jun 26,1457.6,111.2,0.2,,,,,
Hoyt Road TH,1458.7,Wed Jun 26,1458.7,111.2,1.0,,,,,
CT 55 TH,1459.0,Wed Jun 26,1459.0,111.2,0.3,,,,,
SR 55,1459.3,Wed Jun 26,1459.3,111.3,0.3,,,,,
Windgdale  NY 12594,1459.3,Wed Jun 26,1459.3,111.3,0.0,,,,,
Ten Mile River Lean-to,1461.5,Wed Jun 26,1461.5,111.4,2.2,,,,,
No Official Name Or Unknown TH,1462.7,Wed Jun 26,1462.7,111.4,1.2,,,,,
Bulls Bridge Road TH,1462.9,Wed Jun 26,1462.9,111.5,0.1,,,,,
Schaghticoke Road TH,1463.1,Wed Jun 26,1463.1,111.5,0.3,,,,,
Mount Algo Lean-to,1469.9,Wed Jun 26,1469.9,111.8,6.8,,,,,
Kent  CT 06757,1470.2,Wed Jun 26,1470.2,111.8,0.3,61.9,3.3,18.8,3.7,
CT 341 TH,1470.3,Thu Jun 27,1470.3,112.3,0.1,,,,,
SR 341,1470.3,Thu Jun 27,1470.3,112.3,0.0,,,,,
River Road (south) TH,1475.1,Thu Jun 27,1475.1,112.6,4.8,,,,,
River Road (north) TH,1476.1,Thu Jun 27,1476.1,112.7,1.0,,,,,
Stewart Hollow Brook Lean-to,1477.5,Thu Jun 27,1477.5,112.7,1.5,,,,,
No Official Name Or Unknown TH,1481.6,Fri Jun 28,1481.6,113.0,4.1,,,,,
Cornwall Bridge  CT 06754/SR 4,1481.7,Fri Jun 28,1481.7,113.0,0.1,,,,,
No Official Name Or Unknown TH,1482.3,Fri Jun 28,1482.3,113.0,0.7,,,,,
West Cornwall Road TH,1486.6,Fri Jun 28,1486.6,113.2,4.3,,,,,
West Cornwell  CT 06796,1486.6,Fri Jun 28,1486.6,113.2,0.0,,,,,
Pine Swamp Brook Lean-to,1487.7,Fri Jun 28,1487.7,113.3,1.1,,,,,
US Hwy 7,1493.7,Fri Jun 28,1493.7,113.6,6.0,,,,,
US 7 &amp; CT 112 TH,1493.7,Fri Jun 28,1493.7,113.6,0.0,,,,,
US 7 &amp; CT 112 TH,1494.1,Fri Jun 28,1494.1,113.7,0.4,,,,,
Falls Village  CT 06031,1495.3,Fri Jun 28,1495.3,113.7,1.2,,,,,
Falls Village Handicap Accessible Trailhead TH,1496.2,Fri Jun 28,1496.2,113.8,0.9,,,,,
Housatanic River pull-off TH,1496.7,Fri Jun 28,1496.7,113.8,0.6,,,,,
Great Falls Parking, Falls Village TH,1497.0,Fri Jun 28,1497.0,113.8,0.3,,,,,
Limestone Spring Lean-to,1500.0,Sat Jun 29,1500.0,114.0,3.0,,,,,
US Hwy 44,1503.0,Sat Jun 29,1503.0,114.1,3.0,,,,,
Salisbury  CT 06068,1503.2,Sat Jun 29,1503.2,114.2,0.2,32.9,1.8,18.2,4.1,
SR 41,1503.9,Sat Jun 29,1503.9,114.7,0.7,,,,,
CT 41 TH,1503.9,Sat Jun 29,1503.9,114.7,0.1,,,,,
Bunker Hill Road  (Lion's Head Trailhead) TH,1504.7,Sat Jun 29,1504.7,114.7,0.7,,,,,
Riga Lean-to,1507.0,Sat Jun 29,1507.0,114.9,2.3,,,,,
Brassie Brook Shelter,1508.1,Sat Jun 29,1508.1,114.9,1.1,,,,,
Mount Everett Shelter,1515.7,Sun Jun 30,1515.7,115.4,7.6,,,,,
Guilder Pond Picnic Area TH,1516.1,Sun Jun 30,1516.1,115.4,0.4,,,,,
The Hemlocks Lean-to,1516.6,Sun Jun 30,1516.6,115.4,0.4,,,,,
Glen Brook Lean-to,1516.7,Sun Jun 30,1516.7,115.4,0.1,,,,,
Jug End Road TH,1520.1,Sun Jun 30,1520.1,115.6,3.4,,,,,
South Egremont  MA 01258/SR 41,1520.9,Sun Jun 30,1520.9,115.6,0.9,,,,,
Sheffield Road Parking TH,1522.8,Sun Jun 30,1522.8,115.7,1.9,,,,,
Great Barrington  MA 01230/SR 7,1524.6,Sun Jun 30,1524.6,115.8,1.9,,,,,
Housatonic River Canoe Launch/Trailhead Parking TH,1525.5,Sun Jun 30,1525.5,115.9,0.9,,,,,
Sheffield  MA 01157,1525.5,Sun Jun 30,1525.5,115.9,0.0,,,,,
Homes Road TH,1527.5,Mon Jul 01,1527.5,116.0,1.9,,,,,
Tom Leonard Lean-to,1531.1,Mon Jul 01,1531.1,116.2,3.6,,,,,
Lake Buel Road TH,1532.2,Mon Jul 01,1532.2,116.3,1.1,,,,,
Monterey  MA 01245/SR 23/SR 183,1533.0,Mon Jul 01,1533.0,116.3,0.8,,,,,
MA 23 TH,1533.1,Mon Jul 01,1533.0,116.3,0.0,,,,,
Blue Hill Road TH,1534.2,Mon Jul 01,1534.2,116.4,1.1,,,,,
Mount Wilcox South Lean-to,1536.1,Mon Jul 01,1536.0,116.5,1.9,,,,,
Mount Wilcox North Lean-to,1538.0,Mon Jul 01,1538.0,116.6,1.9,,,,,
Fernside/Jerusalem Road TH,1541.7,Mon Jul 01,1541.7,116.8,3.8,,,,,
Jerusalem Road Pull-off TH,1543.8,Mon Jul 01,1543.8,116.9,2.0,,,,,
Tyringham  MA 01264,1543.8,Mon Jul 01,1543.8,116.9,0.0,,,,,
Tyringham Main Road TH,1544.8,Tue Jul 02,1544.8,117.0,1.0,,,,,
Webster Road TH,1546.6,Tue Jul 02,1546.6,117.1,1.8,,,,,
Goose Pond Road (MA) TH,1549.0,Tue Jul 02,1549.0,117.2,2.4,,,,,
Upper Goose Pond Cabin Shelter,1549.9,Tue Jul 02,1549.9,117.3,0.9,,,,,
I-90,1553.1,Tue Jul 02,1553.1,117.4,3.2,,,,,
I-90,1553.2,Tue Jul 02,1553.2,117.4,0.1,,,,,
US 20 TH,1553.4,Tue Jul 02,1553.4,117.5,0.3,,,,,
US Hwy 20,1553.5,Tue Jul 02,1553.5,117.5,0.0,,,,,
Lee  MA 01238,1553.5,Tue Jul 02,1553.5,117.5,0.0,,,,,
Becket  MA 01223/tyne rd pullover TH,1554.3,Tue Jul 02,1554.3,117.5,0.9,,,,,
County Road TH,1558.8,Tue Jul 02,1558.8,117.8,4.5,,,,,
October Mountain Lean-to,1560.7,Tue Jul 02,1560.7,117.9,1.9,,,,,
West Branch Road TH,1561.3,Tue Jul 02,1561.3,117.9,0.6,,,,,
Pittsfield Road TH,1562.7,Wed Jul 03,1562.7,118.0,1.4,,,,,
Blotz Road TH,1565.6,Wed Jul 03,1565.6,118.1,2.9,,,,,
Kay Wood Lean-to,1569.5,Wed Jul 03,1569.5,118.3,3.9,,,,,
Grange Hall Road TH,1569.8,Wed Jul 03,1569.8,118.4,0.3,,,,,
SR 8,1572.4,Wed Jul 03,1572.4,118.5,2.6,,,,,
SR 9,1572.5,Wed Jul 03,1572.5,118.5,0.1,,,,,
Dalton  MA 01226,1572.5,Wed Jul 03,1572.5,118.5,0.0,,,,,
Gulf Road TH,1573.6,Wed Jul 03,1573.6,118.6,1.1,,,,,
Chesire  MA 01225,1581.1,Thu Jul 04,1581.1,119.0,7.4,,,,,
SR 8,1581.6,Thu Jul 04,1581.6,119.0,0.5,,,,,
Mark Noepel Lean-to,1585.9,Thu Jul 04,1585.9,119.3,4.2,,,,,
Greylock Day Use Parking TH,1588.1,Thu Jul 04,1588.1,119.4,2.2,,,,,
Pecks Brook Lean-to,1588.3,Thu Jul 04,1588.3,119.4,0.3,,,,,
Gould Trail Day Use Parking TH,1588.6,Thu Jul 04,1588.6,119.4,0.3,,,,,
Bascom Lodge Shelter,1589.0,Thu Jul 04,1589.0,119.4,0.4,,,,,
Greylock Summit TH,1589.2,Thu Jul 04,1589.2,119.4,0.2,,,,,
Bellow's Pipe Lean-to,1589.9,Thu Jul 04,1589.9,119.5,0.7,,,,,
Notch Road TH,1592.3,Thu Jul 04,1592.3,119.6,2.5,,,,,
Wilbur Clearing Lean-to,1592.6,Thu Jul 04,1592.6,119.6,0.3,,,,,
Pattison Road TH,1594.4,Thu Jul 04,1594.4,119.7,1.8,,,,,
North Adams  MA 01247/Williamstown  MA 01267/SR 2,1595.5,Thu Jul 04,1595.4,119.8,1.0,92.3,5.1,18.0,4.3,
Seth Warner Shelter,1602.3,Fri Jul 05,1602.3,120.7,6.8,,,,,
County Road TH,1602.5,Fri Jul 05,1602.5,120.7,0.3,,,,,
Congdon Shelter,1609.3,Sat Jul 06,1609.3,121.1,6.7,,,,,
Bennington  VT 05201/SR 9,1613.4,Sat Jul 06,1613.4,121.4,4.1,,,,,
VT 9 TH,1613.5,Sat Jul 06,1613.5,121.4,0.1,,,,,
Melville Nauheim Shelter,1614.9,Sat Jul 06,1614.9,121.5,1.4,,,,,
Goddard Shelter,1623.2,Sun Jul 07,1623.2,122.0,8.3,,,,,
Kid Gore Shelter,1627.2,Sun Jul 07,1627.2,122.2,4.0,,,,,
Caughnawaga (old shelter),1627.3,Sun Jul 07,1627.3,122.2,0.1,,,,,
Story Spring Shelter,1631.9,Sun Jul 07,1631.9,122.5,4.7,,,,,
road sholder TH,1633.6,Sun Jul 07,1633.5,122.6,1.6,,,,,
Stratton-Arlington Road TH,1635.6,Sun Jul 07,1635.6,122.7,2.0,,,,,
Gmc Caretaker Hut Shelter,1639.3,Sun Jul 07,1639.3,122.9,3.7,,,,,
Stratton Pond Shelter,1642.4,Mon Jul 08,1642.4,123.1,3.1,,,,,
William B. Douglas Shelter,1646.9,Mon Jul 08,1646.9,123.4,4.5,,,,,
Manchester Center  VT 05255,1648.2,Mon Jul 08,1648.2,123.5,1.4,52.8,3.2,16.5,5.2,
Spruce Peak Shelter,1650.2,Tue Jul 09,1650.2,124.1,2.0,,,,,
SR 30,1653.0,Tue Jul 09,1653.0,124.3,2.8,,,,,
VT 11 &amp; 30 TH,1653.1,Tue Jul 09,1653.1,124.3,0.0,,,,,
Bromley Shelter,1654.9,Tue Jul 09,1654.9,124.4,1.8,,,,,
USFS 21 TH,1658.2,Tue Jul 09,1658.2,124.6,3.3,,,,,
Peru Peak Shelter,1662.8,Tue Jul 09,1662.8,124.9,4.6,,,,,
Lost Pond Shelter,1667.3,Wed Jul 10,1667.3,125.1,4.6,,,,,
Big Branch Shelter,1669.1,Wed Jul 10,1669.1,125.3,1.8,,,,,
Danby-Landgrove Rd, USFS 10 TH,1670.2,Wed Jul 10,1670.2,125.3,1.1,,,,,
Danby  VT 05739/Danby-Landgrove Rd, USFS 10 TH,1670.3,Wed Jul 10,1670.3,125.3,0.1,,,,,
Lula Tye Shelter,1672.1,Wed Jul 10,1672.1,125.4,1.8,,,,,
Little Rock Pond Shelter,1672.7,Wed Jul 10,1672.7,125.5,0.7,,,,,
Greenwall Shelter,1677.2,Wed Jul 10,1677.2,125.7,4.5,,,,,
Wallingford  VT 05773,1678.5,Wed Jul 10,1678.5,125.8,1.3,,,,,
VT 140 TH,1678.6,Wed Jul 10,1678.6,125.8,0.1,,,,,
SR 140,1678.6,Wed Jul 10,1678.6,125.8,0.0,,,,,
VT 140 TH,1678.8,Wed Jul 10,1678.8,125.8,0.2,,,,,
Minerva Hinchey Shelter,1682.3,Thu Jul 11,1682.3,126.1,3.5,,,,,
VT 103 TH,1685.0,Thu Jul 11,1685.0,126.2,2.7,,,,,
SR 103,1685.1,Thu Jul 11,1685.1,126.2,0.0,,,,,
Clarendon Shelter,1686.1,Thu Jul 11,1686.1,126.3,1.1,,,,,
No Official Name or Unknown TH,1688.9,Thu Jul 11,1688.9,126.5,2.7,,,,,
Lower Cold River Road TH,1689.2,Thu Jul 11,1689.2,126.5,0.4,,,,,
Governor Clement Shelter,1692.2,Thu Jul 11,1692.2,126.7,2.9,,,,,
Cooper Lodge Shelter,1696.5,Thu Jul 11,1696.5,126.9,4.4,,,,,
Pico Camp Shelter,1699.3,Fri Jul 12,1699.3,127.1,2.8,,,,,
Churchhill Scott Shelter,1700.8,Fri Jul 12,1700.8,127.2,1.5,,,,,
US Rte 4 TH,1702.8,Fri Jul 12,1702.8,127.3,1.9,,,,,
US Hwy 4,1702.8,Fri Jul 12,1702.8,127.3,0.0,,,,,
Tucker Johnson (old shelter),1703.5,Fri Jul 12,1703.5,127.3,0.8,,,,,
Gifford Woods State Park Shelter,1705.9,Fri Jul 12,1705.9,127.5,2.4,,,,,
SR 100,1706.1,Fri Jul 12,1706.1,127.5,0.1,,,,,
Killington  VT 05751,1706.1,Fri Jul 12,1706.1,127.5,0.0,57.9,3.5,16.5,5.2,
Thunder Falls Parking TH,1708.0,Sat Jul 13,1708.0,128.4,1.9,,,,,
Stony Brook Shelter,1712.7,Sat Jul 13,1712.7,128.7,4.7,,,,,
Stony Brook Road TH,1713.3,Sat Jul 13,1713.3,128.7,0.6,,,,,
No Official Name or Unknown TH,1717.0,Sat Jul 13,1717.0,128.9,3.7,,,,,
No Official Name or Unknown Shelter,1719.6,Sun Jul 14,1719.6,129.1,2.7,,,,,
Winturri Shelter,1722.0,Sun Jul 14,1722.0,129.3,2.4,,,,,
VT 12 TH,1725.7,Sun Jul 14,1725.7,129.5,3.7,,,,,
Woodstock  VT 05091/SR 12,1725.8,Sun Jul 14,1725.8,129.5,0.1,,,,,
South Pomfret  VT 05067/Stage Road TH,1728.0,Sun Jul 14,1728.0,129.6,2.2,,,,,
Pomfret TH,1730.4,Sun Jul 14,1730.4,129.8,2.4,,,,,
Cloudland TH,1732.7,Sun Jul 14,1732.7,129.9,2.3,,,,,
Cloudland Shelter,1733.2,Sun Jul 14,1733.2,130.0,0.5,,,,,
Thistle Hill Shelter,1734.6,Mon Jul 15,1734.6,130.0,1.4,,,,,
Joe Ranger Road TH,1736.0,Mon Jul 15,1736.0,130.1,1.4,,,,,
West Hartford  VT 05084/SR 14,1740.5,Mon Jul 15,1740.5,130.4,4.4,,,,,
I-89,1740.7,Mon Jul 15,1740.7,130.4,0.3,,,,,
I-89,1740.8,Mon Jul 15,1740.8,130.4,0.1,,,,,
Podunk Road TH,1740.8,Mon Jul 15,1740.8,130.4,0.0,,,,,
Happy Hill Shelter,1744.2,Mon Jul 15,1744.2,130.7,3.3,,,,,
Elm Street TH,1747.7,Mon Jul 15,1747.7,130.9,3.5,,,,,
Norwich  VT 05055,1748.7,Mon Jul 15,1748.7,130.9,1.0,,,,,
US Hwy 5,1748.8,Mon Jul 15,1748.8,130.9,0.2,,,,,
I-91,1749.2,Tue Jul 16,1749.2,131.0,0.4,,,,,
I-91,1749.2,Tue Jul 16,1749.2,131.0,0.0,,,,,
Hanover  NH 03755,1750.1,Tue Jul 16,1750.1,131.0,0.9,44.0,2.8,15.8,5.6,
SR 120,1750.8,Tue Jul 16,1750.8,131.8,0.6,,,,,
Velvet Rocks Shelter,1751.9,Tue Jul 16,1751.9,131.9,1.2,,,,,
Trescot Road TH,1754.6,Wed Jul 17,1754.6,132.1,2.7,,,,,
Etna Hanover Center Road TH,1756.0,Wed Jul 17,1755.9,132.2,1.3,,,,,
Three Mile Road TH,1758.4,Wed Jul 17,1758.4,132.4,2.5,,,,,
Moose Mountain Shelter,1761.0,Wed Jul 17,1761.0,132.6,2.6,,,,,
Old Moose Mountain (old shelter),1761.2,Wed Jul 17,1761.2,132.7,0.3,,,,,
Goose Pond Road (NH) TH,1764.2,Wed Jul 17,1764.2,132.9,3.0,,,,,
Trapper John Shelter,1767.1,Thu Jul 18,1767.1,133.1,2.9,,,,,
Lyme  NH 03768,1767.9,Thu Jul 18,1767.9,133.2,0.8,,,,,
Dartmouth Skiway TH,1768.0,Thu Jul 18,1768.0,133.2,0.1,,,,,
Dorchester Road TH,1769.8,Thu Jul 18,1769.8,133.4,1.8,,,,,
Fire Warden's Cabin Shelter,1773.6,Thu Jul 18,1773.6,133.7,3.8,,,,,
No Official Name or Unknown TH,1777.3,Thu Jul 18,1777.3,134.0,3.7,,,,,
Hexacuba Shelter,1778.8,Fri Jul 19,1778.8,134.1,1.4,,,,,
NH 25A trailhead TH,1783.6,Fri Jul 19,1783.6,134.5,4.9,,,,,
Wentworth  NH 03282,1783.8,Fri Jul 19,1783.8,134.5,0.2,,,,,
Ore Hill (old shelter),1786.0,Fri Jul 19,1786.0,134.6,2.2,,,,,
NH 25 C TH,1788.8,Fri Jul 19,1788.8,134.9,2.8,,,,,
Warren  HH 03279,1788.9,Fri Jul 19,1788.9,134.9,0.1,,,,,
Glencliff  NH 03238,1793.7,Sat Jul 20,1793.7,135.3,4.9,,,,,
NH 25 TH,1793.8,Sat Jul 20,1793.8,135.3,0.0,,,,,
SR 25,1793.8,Sat Jul 20,1793.8,135.3,0.0,,,,,
Jeffers Brook Shelter,1794.8,Sat Jul 20,1794.8,135.3,1.0,,,,,
Jeffers Brook Road TH,1794.9,Sat Jul 20,1794.9,135.4,0.1,,,,,
Sanitarium Road TH,1795.2,Sat Jul 20,1795.2,135.4,0.4,,,,,
Beaver Brook Shelter,1801.3,Sat Jul 20,1801.3,135.9,6.1,,,,,
NH 112 TH,1802.6,Sun Jul 21,1802.6,136.0,1.3,,,,,
North Woodstock  NH 03262/SR 112,1802.6,Sun Jul 21,1802.6,136.0,0.1,52.5,4.2,12.5,7.7,
Eliza Brook Shelter,1809.7,Mon Jul 22,1809.7,137.1,7.1,,,,,
Kinsman Pond Shelter,1813.4,Mon Jul 22,1813.4,137.4,3.7,,,,,
Lonesome Lake Hut Shelter,1815.2,Mon Jul 22,1815.2,137.6,1.8,,,,,
I-93,1817.9,Mon Jul 22,1817.9,137.8,2.7,,,,,
I-93,1818.0,Mon Jul 22,1818.0,137.8,0.1,,,,,
NH 3 TH,1818.1,Mon Jul 22,1818.0,137.8,0.0,,,,,
Garfield Ridge Shelter,1827.7,Tue Jul 23,1827.7,138.7,9.7,,,,,
Galehead Hut Shelter,1830.3,Tue Jul 23,1830.3,138.9,2.6,,,,,
Guyot Shelter,1833.1,Wed Jul 24,1833.1,139.2,2.7,,,,,
Zealand Falls Hut Shelter,1836.8,Wed Jul 24,1836.8,139.5,3.8,,,,,
Ethan Pond Shelter,1841.8,Wed Jul 24,1841.8,139.9,4.9,,,,,
Ethan Pond Trailhead TH,1844.4,Thu Jul 25,1844.4,140.2,2.7,,,,,
US 302 TH,1844.7,Thu Jul 25,1844.7,140.2,0.3,,,,,
US Hwy 302,1844.8,Thu Jul 25,1844.8,140.2,0.0,,,,,
Mizpah Spring Hut Shelter,1850.7,Thu Jul 25,1850.7,140.7,6.0,,,,,
Lake of the Clouds Hut Shelter,1855.6,Fri Jul 26,1855.6,141.2,4.8,,,,,
Mt. Washington  NH 03589,1856.9,Fri Jul 26,1856.9,141.3,1.3,,,,,
Madison Spring Hut Shelter,1862.4,Fri Jul 26,1862.4,141.8,5.5,,,,,
No Official Name Or Unknown TH,1867.8,Sat Jul 27,1867.8,142.2,5.4,,,,,
Pinkham Notch TH,1869.7,Sat Jul 27,1869.7,142.4,1.9,,,,,
SR 16,1869.8,Sat Jul 27,1869.7,142.4,0.1,,,,,
Carter Notch Hut Shelter,1875.1,Sat Jul 27,1875.1,142.9,5.4,,,,,
Imp Campsite Shelter,1882.1,Sun Jul 28,1882.1,143.5,7.0,,,,,
Rattle River Shelter,1887.6,Mon Jul 29,1887.6,144.0,5.5,,,,,
US 2 Rattle River TH,1889.3,Mon Jul 29,1889.3,144.1,1.7,,,,,
US Hwy 2,1889.3,Mon Jul 29,1889.3,144.1,-0.0,,,,,
Gorham  NH 03581,1889.4,Mon Jul 29,1889.4,144.2,0.1,86.8,7.7</em>,11.3,8.5,
No Official Name or Unknown TH,1890.2,Mon Jul 29,1890.2,144.7,0.8,,,,,
Gentian Pond Shelter,1900.7,Tue Jul 30,1900.7,145.9,10.4,,,,,
Carlo Col Shelter,1905.4,Wed Jul 31,1905.4,146.4,4.8,,,,,
Full Goose Shelter,1909.7,Wed Jul 31,1909.7,146.9,4.3,,,,,
Speck Pond Shelter,1914.2,Thu Aug 01,1914.2,147.4,4.5,,,,,
NH 26 (Grafton Notch) TH,1918.6,Thu Aug 01,1918.6,147.9,4.4,,,,,
SR 26,1918.7,Thu Aug 01,1918.7,147.9,0.1,,,,,
Baldpate Lean-to,1921.0,Fri Aug 02,1921.0,148.2,2.3,,,,,
Frye Notch Lean-to,1924.3,Fri Aug 02,1924.3,148.5,3.3,,,,,
East B Hill Road TH,1928.7,Sat Aug 03,1928.7,149.0,4.4,,,,,
Andover  ME 04216,1928.7,Sat Aug 03,1928.7,149.0,0.0,39.3,4.4,9.0,10.0,
Hall Mountain Lean-to,1934.5,Sun Aug 04,1934.5,150.0,5.8,,,,,
Bemis Mountain Lean-to,1946.6,Sun Aug 04,1946.6,150.9,12.1,,,,,
SR 17,1951.1,Mon Aug 05,1951.1,151.2,4.5,,,,,
Sabbath Day Pond Lean-to,1954.7,Mon Aug 05,1954.7,151.5,3.6,,,,,
ME 4 TH,1963.8,Tue Aug 06,1963.8,152.2,9.1,,,,,
Rangely  ME 04970/Oquossoc  ME 04964/SR 4,1963.8,Tue Aug 06,1963.8,152.2,0.0,,,,,
Piazza Rock Lean-to,1965.6,Tue Aug 06,1965.6,152.3,1.8,,,,,
Poplar Ridge Lean-to,1974.0,Wed Aug 07,1974.0,153.0,8.3,,,,,
Spaulding Mountain Lean-to,1981.7,Wed Aug 07,1981.7,153.6,7.7,,,,,
Caribou Valley Road (pull-off 1) TH,1986.7,Wed Aug 07,1986.7,153.9,5.0,,,,,
Caribou Valley Road (pull-off 2) TH,1986.7,Wed Aug 07,1986.7,153.9,0.0,,,,,
ME 27 TH,1994.6,Thu Aug 08,1994.6,154.5,7.9,,,,,
Stratton  ME 04982/SR 16/SR 27,1994.6,Thu Aug 08,1994.6,154.5,0.0,65.9,5.0,13.1,7.4,
No Official Name Or Unknown TH,1995.5,Fri Aug 09,1995.5,155.1,0.9,,,,,
No Official Name Or Unknown TH,1995.5,Fri Aug 09,1995.5,155.1,0.0,,,,,
Horns Pond Day Use Shelter,1999.5,Fri Aug 09,1999.5,155.3,4.1,,,,,
Horns Pond Lean-to (east),1999.6,Fri Aug 09,1999.6,155.3,0.0,,,,,
Avery Col Shelter,2002.4,Fri Aug 09,2002.4,155.5,2.8,,,,,
Little Bigelow Lean-to,2009.4,Fri Aug 09,2009.4,155.9,7.1,,,,,
Bog Brook Road TH,2010.7,Sat Aug 10,2010.7,156.0,1.3,,,,,
Bog Brook Road TH,2010.8,Sat Aug 10,2010.8,156.0,0.1,,,,,
West Carry Pond Lean-to,2017.1,Sat Aug 10,2017.1,156.3,6.2,,,,,
Pierce Pond Lean-to,2027.2,Sat Aug 10,2027.2,156.9,10.1,,,,,
Caratunk  ME 04925,2031.0,Sun Aug 11,2031.0,157.1,3.8,,,,,
US Hwy 201,2031.1,Sun Aug 11,2031.1,157.1,0.0,,,,,
ME 201 TH,2031.1,Sun Aug 11,2031.1,157.1,0.0,,,,,
No Official Name Or Unknown TH,2036.5,Sun Aug 11,2036.5,157.5,5.4,,,,,
No Official Name Or Unknown TH,2036.5,Sun Aug 11,2036.5,157.5,0.0,,,,,
Pleasant Pond Lean-to,2036.8,Sun Aug 11,2036.8,157.5,0.3,,,,,
Pleasant Pond Road TH,2037.0,Sun Aug 11,2037.0,157.5,0.2,,,,,
No Official Name Or Unknown TH,2042.8,Sun Aug 11,2042.8,157.8,5.8,,,,,
Bald Mountain Brook Lean-to,2045.4,Mon Aug 12,2045.4,158.0,2.6,,,,,
Moxie Bald Lean-to,2049.4,Mon Aug 12,2049.4,158.2,4.0,,,,,
Horseshoe Canyon Lean-to,2058.4,Mon Aug 12,2058.4,158.7,9.0,,,,,
Shirley-Blanchard Road TH,2061.2,Mon Aug 12,2061.1,158.9,2.8,,,,,
Pleasant Road TH,2064.2,Tue Aug 13,2064.2,159.0,3.0,,,,,
Monson  ME 04464,2064.6,Tue Aug 13,2064.6,159.1,0.5,70.0,4.0,17.4,4.6,
ME 15 TH,2067.5,Tue Aug 13,2067.5,159.7,2.9,,,,,
SR 6,2067.5,Tue Aug 13,2067.5,159.7,0.0,,,,,
Leeman Brook Lean-to,2070.6,Tue Aug 13,2070.6,159.9,3.0,,,,,
Wilson Valley Lean-to,2078.0,Wed Aug 14,2078.0,160.3,7.4,,,,,
Long Pond Lean-to,2082.7,Wed Aug 14,2082.7,160.5,4.7,,,,,
Cloud Pond Lean-to,2086.5,Wed Aug 14,2086.5,160.7,3.8,,,,,
Chairback Gap Lean-to,2093.0,Thu Aug 15,2093.0,161.0,6.5,,,,,
West Branch Pleasant River TH,2097.5,Thu Aug 15,2097.4,161.3,4.4,,,,,
West Branch Pleasant River TH,2097.5,Thu Aug 15,2097.5,161.3,0.0,,,,,
Carl A. Newhall Lean-to,2102.9,Thu Aug 15,2102.9,161.5,5.4,,,,,
Logan Brook Lean-to,2109.8,Thu Aug 15,2109.8,161.9,6.9,,,,,
East Branch Lean-to,2113.4,Fri Aug 16,2113.4,162.1,3.6,,,,,
Kokadjo  B Pond Road TH,2118.1,Fri Aug 16,2118.1,162.3,4.7,,,,,
Cooper Brook Falls Lean-to,2121.5,Fri Aug 16,2121.5,162.5,3.4,,,,,
Jo Mary Road TH,2125.2,Fri Aug 16,2125.2,162.7,3.8,,,,,
Potaywadjo Spring Lean-to,2133.0,Sat Aug 17,2133.0,163.1,7.7,,,,,
No Official Name Or Unknown TH,2140.2,Sat Aug 17,2140.2,163.5,7.2,,,,,
Wadleigh Stream Lean-to,2143.0,Sat Aug 17,2143.0,163.6,2.8,,,,,
logging rd n of nesuntabunt mt TH,2146.0,Sat Aug 17,2146.0,163.8,3.0,,,,,
Pollywog Stream TH,2148.4,Sat Aug 17,2148.4,163.9,2.4,,,,,
Rainbow Stream Lean-to,2150.8,Sun Aug 18,2150.8,164.0,2.4,,,,,
Hurd Brook Lean-to,2161.8,Sun Aug 18,2161.7,164.6,10.9,,,,,
Golden Road TH,2165.0,Sun Aug 18,2165.0,164.7,3.3,,,,,
Golden Road TH,2165.1,Sun Aug 18,2165.1,164.7,0.1,,,,,
Abol Bridge Campground Store TH,2165.3,Sun Aug 18,2165.3,164.7,0.2,,,,,
Millinocket  ME 04462,2165.4,Sun Aug 18,2165.4,164.7,0.1,,,,,
No Official Name or Unknown TH,2165.8,Sun Aug 18,2165.8,164.8,0.4,,,,,
Daicy Pond Campground Day Use Parking TH,2172.8,Mon Aug 19,2172.8,165.1,7.0,,,,,
Grassy Pond TH,2174.3,Mon Aug 19,2174.3,165.2,1.5,,,,,
Katahdin Stream Cg Shelter  No.7,2175.0,Mon Aug 19,2175.0,165.2,0.8,,,,,
The Birches Lean-to No. 1,2175.1,Mon Aug 19,2175.0,165.2,0.0,,,,,
The Birches Lean-to No. 2,2175.1,Mon Aug 19,2175.1,165.2,0.0,,,,,
Katahdin Stream Campground Day Use Parking Lot TH,2175.1,Mon Aug 19,2175.1,165.2,0.0,,,,,
Mt Katahdin,2180.0,Mon Aug 19,2180.0,165.5,4.9,115.4,5.9,19.5,3.3,
,,Mon Aug 19,2180.0,165.5,,,,,,18.00

